ObsID,Observer,Obs_code,DGRP,lunge_count,hold_count,aggr_dur_1male,total_wing_threat_dur,total_boxing_duration,total_tussling_duration,ceiling_dur,Threat_s_per_m,PhysicalAggression_s_per_m
D4-002,J,D4-002-J,26,2,0,8.749,8.247,0,0,42.5,0.8247,0.8749
D4-098,J,D4-098-J,26,2,0,26.507,1.252,0.498,0,0,0.1252,2.7005
D6-133,J,D6-133-J,26,0,0,17.256,0,0.5,0,0,0,1.7756
D5-033,J,D5-033-J,26,1,0,11.756,2.25,0.751,0,0,0.225,1.2507
D1-050,J,D1-050-J,26,1,0,11.24,1.752,2.504,0,0,0.1752,1.3744
D6-085,J,D6-085-J,26,1,0,10.506,0,0.497,0,0,0,1.1003
D3-143,J,D3-143-J,26,0,0,8.751,0,0.499,0,0,0,0.925
D1-014,J,D1-014-J,26,0,0,8.75,0,0.75,0,0,0,0.95
D5-129,J,D5-129-J,26,1,0,6.503,0,0,0,0,0,0.6503
D4-050,A,D4-050-A,26,0,0,4.501,0,0,0,0,0,0.4501
D1-062,J,D1-062-J,26,1,0,4.255,11.747,0,0,0,1.1747,0.4255
D6-037,J,D6-037-J,26,1,0,3.508,1.249,0,0,0,0.1249,0.3508
D3-095,A,D3-095-A,26,3,0,2.954,3.997,0,0,0,0.3997,0.2954
D3-047,A,D3-047-A,26,1,0,1.499,59.75,0,0,0,5.975,0.1499
D1-002,J,D1-002-J,26,0,0,3.758,0,0,0,0,0,0.3758
D5-081,A,D5-081-A,26,0,0,0,0,0,0,0,0,0
D4-074,J,D4-074-J,45,22,0,102.248,10.755,90.995,0,0,1.0755,19.3243
D3-031,A,D3-031-A,45,33,0,32.002,28.259,6.499,0,0,2.8259,3.8501
D5-100,J,D5-100-J,45,27,0,29.512,29.504,0.499,0,0,2.9504,3.0011
D4-122,J,D4-122-J,45,2,0,14.249,10.748,0,0,0,1.0748,1.4249
D6-063,J,D6-063-J,45,6,0,14.014,1.504,1.254,0,0,0.1504,1.5268
D1-026,A,D1-026-A,45,0,0,5.25,33.01,0,0,0,3.301,0.525
D3-079,A,D3-079-A,45,3,0,2.008,56.122,0,0,0,5.6122,0.2008
D5-052,J,D5-052-J,45,0,0,1.999,0,0,0,0,0,0.1999
D1-037,A,D1-037-A,45,0,0,0,0,0,0,0,0,0
D1-074,A,D1-074-A,45,0,0,0,5.498,0,0,0,0.5498,0
D3-127,J,D3-127-J,45,0,0,7.004,2.496,0,0,0,0.2496,0.7004
D4-026,J,D4-026-J,45,18,0,29.498,9.492,4.75,0,0,0.9492,3.4248
D5-004,A,D5-004-A,45,14,0,16.243,125.506,0,0,0,12.5506,1.6243
D6-015,A,D6-015-A,45,15,0,14.994,19.169,1.998,0,0,1.9169,1.6992
D6-111,A,D6-111-A,45,1,0,0.994,8.75,0,0,0,0.875,0.0994
D4-099,J,D4-099-J,57,29,0,82.997,77.234,5.236,0,0,7.7234,8.8233
D3-013,J,D3-013-J,57,8,0,22.774,2.248,0,0,0,0.2248,2.2774
D6-031,J,D6-031-J,57,1,0,11.012,0,0,0,0,0,1.1012
D1-069,J,D1-069-J,57,0,0,10.762,2.499,0.499,0,0,0.2499,1.1261
D5-139,J,D5-139-J,57,1,0,6.991,72.999,0,0,0,7.2999,0.6991
D5-043,J,D5-043-J,57,1,0,4.002,10.497,0.999,0,0,1.0497,0.5001
D1-051,J,D1-051-J,57,0,0,3.507,2.501,0,0,0,0.2501,0.3507
D6-127,J,D6-127-J,57,0,0,3.255,1.997,0.504,0,0,0.1997,0.3759
D4-051,A,D4-051-A,57,0,0,1.997,1.497,0,0,0,0.1497,0.1997
D6-079,J,D6-079-J,57,0,0,0.502,30,0,0,0,3,0.0502
D1-003,J,D1-003-J,57,1,1,3.248,39.747,0,0,0,3.9747,0.3248
D3-061,J,D3-061-J,57,2,0,4.257,9.245,0,0,0,0.9245,0.4257
D3-109,J,D3-109-J,57,5,0,7.988,8.754,0,0,0,0.8754,0.7988
D4-003,J,D4-003-J,57,0,0,13.992,13.001,0,0,0,1.3001,1.3992
D5-091,A,D5-091-A,57,0,0,0,0,0,0,0,0,0
D4-076,J,D4-076-J,85,120,7,141.355,47.243,5.257,0,0,4.7243,14.6612
D4-124,J,D4-124-J,85,56,1,99.751,31.489,10.251,0,0,3.1489,11.0002
D3-094,A,D3-094-A,85,49,5,91.502,76.493,92.249,0,0,7.6493,18.3751
D3-046,A,D3-046-A,85,17,1,46.996,74.256,0,0,0,7.4256,4.6996
D3-142,J,D3-142-J,85,12,0,32.017,21.247,0,0,0,2.1247,3.2017
D6-047,J,D6-047-J,85,10,0,31.766,117.764,0,0,0,11.7764,3.1766
D1-064,J,D1-064-J,85,20,0,27.769,121.502,0,0,0,12.1502,2.7769
D5-105,J,D5-105-J,85,10,0,18.494,29.738,0,0,0,2.9738,1.8494
D6-095,J,D6-095-J,85,3,0,7.495,123.5,0,0,0,12.35,0.7495
D1-016,J,D1-016-J,85,1,0,6.999,6.25,0,0,0,0.625,0.6999
D5-057,J,D5-057-J,85,2,0,5.255,10.253,1,0,0,1.0253,0.6255
D1-076,A,D1-076-A,85,2,0,4.498,91.247,0,0,0,9.1247,0.4498
D1-028,A,D1-028-A,85,0,0,0,201.172,0,0,0,20.1172,0
D6-143,J,D6-143-J,85,0,0,0,37.006,0,0,0,3.7006,0
D4-028,J,D4-028-J,85,74,2,110.988,84.995,18.738,0,0,8.4995,12.9726
D5-009,A,D5-009-A,85,1,0,0.745,14.005,0,0,0,1.4005,0.0745
D5-130,J,D5-130-J,177,2,0,7.005,0,1.751,0,32.001,0,0.8756
D6-078,J,D6-078-J,177,29,0,40.5,13.501,3.499,0,0,1.3501,4.3999
D4-132,J,D4-132-J,177,66,5,35.481,74.242,44.726,0,0,7.4242,8.0207
D3-022,J,D3-022-J,177,42,1,34.509,5.495,15.242,0,0,0.5495,4.9751
D1-046,J,D1-046-J,177,3,0,9.991,11.25,0.497,0,0,1.125,1.0488
D4-084,J,D4-084-J,177,14,1,8.747,29.241,6.25,0,0,2.9241,1.4997
D5-034,J,D5-034-J,177,0,0,7.774,2,1.493,0,0,0.2,0.9267
D1-084,A,D1-084-A,177,6,0,6.504,39.007,0,0,0,3.9007,0.6504
D6-030,J,D6-030-J,177,1,0,4.255,8.256,0.5,0,0,0.8256,0.4755
D6-126,J,D6-126-J,177,0,0,4.25,1.997,1.749,0,0,0.1997,0.5999
D1-036,A,D1-036-A,177,0,0,0,7.248,0,0,0,0.7248,0
D3-070,J,D3-070-J,177,16,0,21.247,59.751,1.998,0,0,5.9751,2.3245
D3-118,J,D3-118-J,177,1,0,1.746,11.749,0,0,0,1.1749,0.1746
D4-036,J,D4-036-J,177,44,0,65.234,79.747,11.492,0,0,7.9747,7.6726
D5-082,A,D5-082-A,177,1,0,1.001,1.5,0,0,0,0.15,0.1001
D4-089,J,D4-089-J,195,26,3,57.735,55.253,0.75,0,0,5.5253,5.8485
D4-137,J,D4-137-J,195,16,1,48.007,36.755,2.501,0,0,3.6755,5.0508
D6-054,J,D6-054-J,195,13,1,40.498,61.002,0,0,0,6.1002,4.0498
D3-136,J,D3-136-J,195,18,0,38.502,34.752,0.5,0,0,3.4752,3.9002
D5-132,J,D5-132-J,195,16,0,29.994,64.241,1.249,0,0,6.4241,3.1243
D3-040,A,D3-040-A,195,12,2,23.265,94.631,0,0,0,9.4631,2.3265
D1-041,J,D1-041-J,195,6,0,15.254,4.757,0,0,0,0.4757,1.5254
D5-036,J,D5-036-J,195,1,0,12.001,13.496,0,0,0,1.3496,1.2001
D3-088,A,D3-088-A,195,4,0,7.502,10.993,0,0,0,1.0993,0.7502
D1-045,J,D1-045-J,195,0,0,7.255,0,0,0,0,0,0.7255
D1-089,A,D1-089-A,195,0,0,0,1.261,0,0,0,0.1261,0
D4-041,J,D4-041-J,195,73,2,83.749,38.237,0.496,0.75,0,3.8237,8.4995
D5-084,A,D5-084-A,195,0,0,0,15.252,0,0,0,1.5252,0
D6-006,A,D6-006-A,195,33,1,43.616,76.348,2.5,0,0,7.6348,4.6116
D6-102,A,D6-102-A,195,4,0,4.506,5.754,0,0,0,0.5754,0.4506
D6-072,J,D6-072-J,208,45,1,59.496,140.743,2.497,0,0,14.0743,6.1993
D4-105,A,D4-105-A,208,47,1,40.969,57.988,4.248,0,0,5.7988,4.5217
D1-057,J,D1-057-J,208,5,0,24.273,27.25,0.749,0,0,2.725,2.5022
D5-068,J,D5-068-J,208,4,0,14.003,41.015,0.5,0,0,4.1015,1.4503
D5-116,J,D5-116-J,208,1,0,13.744,68.506,2.001,0,0,6.8506,1.5745
D3-016,J,D3-016-J,208,1,0,11.001,0.499,0,0,0,0.0499,1.1001
D1-009,J,D1-009-J,208,1,0,10.748,21.006,0,0,0,2.1006,1.0748
D4-057,A,D4-057-A,208,4,0,9.51,13.258,3.505,0,0,1.3258,1.3015
D1-047,J,D1-047-J,208,2,0,3.759,26.259,0,0,0,2.6259,0.3759
D3-064,J,D3-064-J,208,1,0,5.004,6.991,0,0,0,0.6991,0.5004
D3-112,J,D3-112-J,208,1,0,4.51,40.741,0,0,0,4.0741,0.451
D4-009,J,D4-009-J,208,39,1,37.756,67.985,9.498,0,0,6.7985,4.7254
D5-020,A,D5-020-A,208,2,0,1.508,34.494,0,0,0,3.4494,0.1508
D6-024,A,D6-024-A,208,26,0,22.499,137.75,2.998,0.999,0,13.775,2.6496
D6-120,A,D6-120-A,208,24,2,26.281,108.017,0,0,0,10.8017,2.6281
D6-077,J,D6-077-J,235,20,1,58.764,36.74,1.001,0,0,3.674,5.9765
D1-070,J,D1-070-J,235,0,0,14.75,11.498,3.25,0,0,1.1498,1.8
D3-023,J,D3-023-J,235,2,0,14.007,6.25,0,0,0,0.625,1.4007
D4-113,J,D4-113-J,235,0,0,12.752,7.741,0,0,0,0.7741,1.2752
D5-041,J,D5-041-J,235,1,0,6.251,8.997,0,0,0,0.8997,0.6251
D5-137,J,D5-137-J,235,1,0,5.758,49.754,0,0,0,4.9754,0.5758
D6-125,J,D6-125-J,235,0,0,3.998,0,0.252,0,0,0,0.425
D1-017,J,D1-017-J,235,0,0,3.247,2.498,0,0,0,0.2498,0.3247
D1-065,J,D1-065-J,235,0,0,2.493,6.753,0,0,0,0.6753,0.2493
D6-029,J,D6-029-J,235,1,0,1.752,0,0,0,0,0,0.1752
D4-065,A,D4-065-A,235,1,0,0.746,12.003,0,0,0,1.2003,0.0746
D3-071,J,D3-071-J,235,5,0,21.001,48.501,0,0,0,4.8501,2.1001
D3-119,J,D3-119-J,235,3,0,16.492,37.732,0,0,0,3.7732,1.6492
D4-017,J,D4-017-J,235,3,0,4.244,1.995,0,0,0,0.1995,0.4244
D4-113,A,D4-113-A,235,0,0,2.499,8.01,0,0,0,0.801,0.2499
D5-089,A,D5-089-A,235,0,0,0.245,6.991,0,0,0,0.6991,0.0245
D5-140,J,D5-140-J,301,5,0,12.262,24.999,1.249,0,8.5,2.4999,1.3511
D3-006,J,D3-006-J,301,6,0,26.493,7.999,0,0,0,0.7999,2.6493
D1-010,J,D1-010-J,301,3,0,10.243,0,0,0,0,0,1.0243
D5-044,J,D5-044-J,301,4,0,9.25,36.512,0,0,0,3.6512,0.925
D6-062,J,D6-062-J,301,0,0,7.756,0,0,0,0,0,0.7756
D4-058,A,D4-058-A,301,3,0,4.246,0.998,0,0,0,0.0998,0.4246
D1-058,J,D1-058-J,301,0,0,3.001,0,0,0,0,0,0.3001
D1-031,A,D1-031-A,301,0,0,0,2.505,0,0,0,0.2505,0
D3-054,J,D3-054-J,301,10,1,11.243,13.999,0,0,0,1.3999,1.1243
D3-102,J,D3-102-J,301,5,0,8.745,25.256,0,0,0,2.5256,0.8745
D4-010,J,D4-010-J,301,4,0,26.751,1.752,2.249,0,0,0.1752,2.9
D5-092,A,D5-092-A,301,1,0,0.752,0.251,0,0,0,0.0251,0.0752
D6-014,A,D6-014-A,301,1,0,0.748,0.743,0,0,0,0.0743,0.0748
D6-110,A,D6-110-A,301,6,0,4.005,0,0,0,0,0,0.4005
D4-075,J,D4-075-J,332,67,10,84.006,136.993,2.499,2,29.752,13.6993,8.8505
D3-141,J,D3-141-J,332,213,14,223.972,27.237,5.994,0,14.498,2.7237,22.9966
D4-123,J,D4-123-J,332,91,7,130.009,97.754,10.24,0,4.999,9.7754,14.0249
D6-093,J,D6-093-J,332,90,2,141.458,12.499,5.245,0,0,1.2499,14.6703
D3-093,A,D3-093-A,332,106,1,122.228,66.256,0,0,0,6.6256,12.2228
D1-029,A,D1-029-A,332,54,8,90.559,107.753,16.002,0,0,10.7753,10.6561
D1-027,A,D1-027-A,332,62,6,87.341,61.087,2.497,0,0,6.1087,8.9838
D6-141,J,D6-141-J,332,68,3,56.094,26.244,7.251,0,0,2.6244,6.3345
D3-045,A,D3-045-A,332,9,0,25.266,6.495,0,0,0,0.6495,2.5266
D5-050,J,D5-050-J,332,8,0,22.243,5.243,1.751,0,0,0.5243,2.3994
D1-075,A,D1-075-A,332,9,2,19.241,95.248,0,0,0,9.5248,1.9241
D5-145,J,D5-145-J,332,7,0,11.255,16.247,0.998,0,0,1.6247,1.2253
D6-045,J,D6-045-J,332,4,0,6.749,2.494,2.501,0,0,0.2494,0.925
D4-027,J,D4-027-J,332,2,0,3.502,0.998,0,0,0,0.0998,0.3502
D5-002,A,D5-002-A,332,36,0,80.304,7.987,4.735,0,0,0.7987,8.5039
D6-046,J,D6-046-J,373,145,8,87.256,46.237,0,0,0,4.6237,8.7256
D3-086,A,D3-086-A,373,37,2,64.5,88.306,4.752,0,0,8.8306,6.9252
D6-142,J,D6-142-J,373,30,0,36.742,65.86,0.749,0,0,6.586,3.7491
D3-134,J,D3-134-J,373,15,0,25.979,55.001,0,0,0,5.5001,2.5979
D4-130,J,D4-130-J,373,2,0,25.021,3.25,0,0,0,0.325,2.5021
D5-123,J,D5-123-J,373,6,0,20.029,158.737,0,0,0,15.8737,2.0029
D5-027,J,D5-027-J,373,10,0,19.738,26.491,0,0,0,2.6491,1.9738
D1-082,A,D1-082-A,373,6,0,17.254,49.264,0,0,0,4.9264,1.7254
D4-082,J,D4-082-J,373,1,0,12.505,15.75,0.497,0,0,1.575,1.3002
D1-034,A,D1-034-A,373,2,0,5.252,51.256,0,0,0,5.1256,0.5252
D6-094,J,D6-094-J,373,1,0,4.747,23.749,0,0,0,2.3749,0.4747
D1-039,A,D1-039-A,373,0,0,0,53.247,0,0,0,5.3247,0
D3-038,A,D3-038-A,373,0,0,0,62.988,0,0,0,6.2988,0
D4-034,J,D4-034-J,373,2,0,9.003,66.987,1.251,0,0,6.6987,1.0254
D5-075,A,D5-075-A,373,5,0,4.497,173.251,0,0,0,17.3251,0.4497
D5-067,J,D5-067-J,375,1,0,6.748,11.752,0,0,14.5,1.1752,0.6748
D1-054,J,D1-054-J,375,13,0,33.251,79.997,0.745,0,0,7.9997,3.3996
D1-083,A,D1-083-A,375,11,0,24.26,131.999,0,0,0,13.1999,2.426
D6-048,J,D6-048-J,375,3,0,18,78.993,0.5,0,0,7.8993,1.85
D3-015,J,D3-015-J,375,8,0,16.251,176.242,0,0,0,17.6242,1.6251
D6-096,J,D6-096-J,375,2,0,12.746,66.241,0,0,0,6.6241,1.2746
D5-115,J,D5-115-J,375,1,0,8.507,0,0.748,0,0,0,0.9255
D4-131,J,D4-131-J,375,3,0,7.246,3.502,0,0,0,0.3502,0.7246
D4-083,J,D4-083-J,375,0,0,4.498,1.499,0,0,0,0.1499,0.4498
D6-144,J,D6-144-J,375,0,0,3.506,3.007,0,0,0,0.3007,0.3506
D1-035,A,D1-035-A,375,3,0,3.255,40.011,0,0,0,4.0011,0.3255
D3-063,J,D3-063-J,375,10,0,9.722,164.979,0,0,0,16.4979,0.9722
D3-111,J,D3-111-J,375,4,0,7.754,15.255,0,0,0,1.5255,0.7754
D5-019,A,D5-019-A,375,1,0,1.25,5.5,0,0,0,0.55,0.125
D3-087,A,D3-087-A,385,51,3,76.744,204.709,6.497,0.25,0,20.4709,8.3491
D6-135,J,D6-135-J,385,34,0,62.267,105.09,1.004,0,0,10.509,6.3271
D4-100,J,D4-100-J,385,36,0,60.748,48.746,3.235,0,0,4.8746,6.3983
D3-135,J,D3-135-J,385,20,0,53.989,197.239,3.747,0,0,19.7239,5.7736
D4-052,A,D4-052-A,385,37,1,51.741,113.788,0,0,0,11.3788,5.1741
D5-028,J,D5-028-J,385,10,0,17.007,40.487,1.25,0,0,4.0487,1.8257
D5-124,J,D5-124-J,385,10,0,13.256,87.252,2.497,0,0,8.7252,1.5753
D6-039,J,D6-039-J,385,1,0,7.506,103.749,1,0,0,10.3749,0.8506
D1-052,J,D1-052-J,385,3,0,6.253,18.247,0.751,0,0,1.8247,0.7004
D6-087,J,D6-087-J,385,1,0,4.739,154.047,0,0,0,15.4047,0.4739
D1-038,A,D1-038-A,385,0,0,0,26.759,0,0,0,2.6759,0
D3-039,A,D3-039-A,385,0,0,0,53.242,0,0,0,5.3242,0
D1-004,J,D1-004-J,385,14,0,29.746,73.475,0,0,0,7.3475,2.9746
D4-004,J,D4-004-J,385,54,1,78.751,67.239,0,0,0,6.7239,7.8751
D5-076,A,D5-076-A,385,15,1,18.235,132.749,0,0,0,13.2749,1.8235
D3-069,J,D3-069-J,391,5,0,20.002,42.511,0,0,43.762,4.2511,2.0002
D6-038,J,D6-038-J,391,31,0,100.243,14.999,7.25,0,0,1.4999,10.7493
D4-092,J,D4-092-J,391,3,0,38.755,54.248,0.751,0,0,5.4248,3.9506
D6-086,J,D6-086-J,391,19,0,30.035,17.497,0,0,0,1.7497,3.0035
D6-134,J,D6-134-J,391,23,0,27.756,8.002,2.248,0,0,0.8002,3.0004
D4-140,J,D4-140-J,391,7,0,26.494,12.498,0,0,0,1.2498,2.6494
D1-044,J,D1-044-J,391,5,1,25.258,94.751,0.499,0,0,9.4751,2.5757
D1-053,J,D1-053-J,391,3,0,16.761,4.271,0.753,0,0,0.4271,1.7514
D3-021,J,D3-021-J,391,1,0,14.245,3.752,0,0,0,0.3752,1.4245
D5-058,J,D5-058-J,391,8,0,10.754,31.503,0,0,0,3.1503,1.0754
D5-106,J,D5-106-J,391,3,0,6,2.496,0,0,0,0.2496,0.6
D1-092,A,D1-092-A,391,1,0,5.998,69.26,0,0,0,6.926,0.5998
D3-117,J,D3-117-J,391,0,0,4.741,24.491,0,0,0,2.4491,0.4741
D4-044,J,D4-044-J,391,14,0,36.99,23.755,0,0,0,2.3755,3.699
D5-010,A,D5-010-A,391,14,0,10.987,61.244,0,0,0,6.1244,1.0987
D3-101,J,D3-101-J,392,4,0,4.502,0.502,0,0,22.252,0.0502,0.4502
D1-055,J,D1-055-J,392,34,0,34.239,32.49,1.248,0,0,3.249,3.5487
D4-060,A,D4-060-A,392,29,1,27.19,30.01,2.499,0,0,3.001,2.9689
D6-071,J,D6-071-J,392,17,0,16.996,101.992,0,0,0,10.1992,1.6996
D3-005,J,D3-005-J,392,7,0,13.77,3.249,0,0,0,0.3249,1.377
D1-060,J,D1-060-J,392,3,1,12.233,69.501,0,0,0,6.9501,1.2233
D5-026,J,D5-026-J,392,0,0,11.5,1.498,1.5,0,0,0.1498,1.3
D5-122,J,D5-122-J,392,3,0,10.495,13.77,0.749,0,0,1.377,1.1244
D1-012,J,D1-012-J,392,0,0,7.745,101.244,0,0,0,10.1244,0.7745
D3-053,J,D3-053-J,392,23,2,21.763,69.762,1.499,0,0,6.9762,2.3262
D4-012,J,D4-012-J,392,3,0,4.25,1.001,0,0,0,0.1001,0.425
D5-074,A,D5-074-A,392,0,0,0,2.747,0,0,0,0.2747,0
D6-023,A,D6-023-A,392,0,0,0,25.011,0,0,0,2.5011,0
D6-119,A,D6-119-A,392,6,0,5.009,6.006,0,0,0,0.6006,0.5009
D1-001,J,D1-001-J,427,32,0,52.255,24.997,0,0,20.997,2.4997,5.2255
D4-049,A,D4-049-A,427,33,0,34.338,62.796,0,0,0,6.2796,3.4338
D4-097,J,D4-097-J,427,4,0,25.995,0,0,0,0,0,2.5995
D6-070,J,D6-070-J,427,6,0,25.504,11.495,0.502,0,0,1.1495,2.6006
D3-037,A,D3-037-A,427,14,0,24.228,23.514,0,0,0,2.3514,2.4228
D1-048,J,D1-048-J,427,0,0,15,5.502,0,0,0,0.5502,1.5
D3-133,J,D3-133-J,427,4,0,12.995,1.25,0,0,0,0.125,1.2995
D1-049,J,D1-049-J,427,1,0,7.499,0.752,0.504,0,0,0.0752,0.8003
D5-099,J,D5-099-J,427,2,0,7.493,0.999,0,0,0,0.0999,0.7493
D3-085,A,D3-085-A,427,2,0,2.748,16.494,0,0,0,1.6494,0.2748
D5-051,J,D5-051-J,427,1,0,2.746,18.996,0,0,0,1.8996,0.2746
D4-001,J,D4-001-J,427,0,0,9.004,0,0,0,0,0,0.9004
D5-003,A,D5-003-A,427,1,0,0.998,11.754,0,0,0,1.1754,0.0998
D6-022,A,D6-022-A,427,7,0,7.496,9.752,0,0,0,0.9752,0.7496
D6-118,A,D6-118-A,427,8,1,16.495,29.29,0,0,0,2.929,1.6495
D3-024,J,D3-024-J,443,7,0,28.75,50.281,0,0,0,5.0281,2.875
D6-088,J,D6-088-J,443,24,4,27.006,21.744,0.498,0,0,2.1744,2.7504
D6-136,J,D6-136-J,443,8,0,21.496,15.502,0,0,0,1.5502,2.1496
D6-040,J,D6-040-J,443,6,1,20.518,35.503,0.747,0,0,3.5503,2.1265
D5-065,J,D5-065-J,443,4,0,17.494,22.5,0,0,0,2.25,1.7494
D5-146,J,D5-146-J,443,4,0,8.509,0,0.502,0,0,0,0.9011
D1-068,J,D1-068-J,443,0,0,7.493,30.996,0.501,0,0,3.0996,0.7994
D4-068,A,D4-068-A,443,3,0,6.001,3.998,0.751,0,0,0.3998,0.6752
D1-020,J,D1-020-J,443,1,0,5.265,4.752,0,0,0,0.4752,0.5265
D5-098,J,D5-098-J,443,0,0,5.252,9.497,0,0,0,0.9497,0.5252
D1-032,A,D1-032-A,443,1,0,1.502,1.497,0,0,0,0.1497,0.1502
D3-072,J,D3-072-J,443,8,0,27.015,36.496,2.245,0,0,3.6496,2.926
D3-120,J,D3-120-J,443,4,0,13.496,24,0,0,0,2.4,1.3496
D5-017,A,D5-017-A,443,2,0,0.502,48.772,0,0,0,4.8772,0.0502
D4-091,J,D4-091-J,491,45,4,76.739,6.748,7.494,0,0,0.6748,8.4233
D1-043,J,D1-043-J,491,23,1,46.239,175.746,0,0,0,17.5746,4.6239
D6-055,J,D6-055-J,491,6,0,18.991,17,0.997,0,0,1.7,1.9988
D4-139,J,D4-139-J,491,3,0,14.757,10.001,0,0,0,1.0001,1.4757
D5-049,J,D5-049-J,491,1,0,8.262,0.497,0,0,0,0.0497,0.8262
D1-091,A,D1-091-A,491,3,0,6.006,66.306,0,0,0,6.6306,0.6006
D1-072,J,D1-072-J,491,2,0,5.506,5.749,0,0,0,0.5749,0.5506
D5-097,J,D5-097-J,491,0,0,4.008,0,0,0,0,0,0.4008
D3-014,J,D3-014-J,491,0,0,4.006,0,0,0,0,0,0.4006
D3-062,J,D3-062-J,491,3,0,7.248,0.998,0,0,0,0.0998,0.7248
D3-110,J,D3-110-J,491,11,1,31.241,34.742,0,0,0,3.4742,3.1241
D4-043,J,D4-043-J,491,15,0,15.763,155.234,0,0,0,15.5234,1.5763
D5-001,A,D5-001-A,491,8,0,7.492,79.257,0,0,0,7.9257,0.7492
D6-007,A,D6-007-A,491,7,0,7.069,23.502,0,0,0,2.3502,0.7069
D6-103,A,D6-103-A,491,6,0,15.751,124.114,0,0,0,12.4114,1.5751
D4-018,J,D4-018-J,502,58,0,79.519,28.492,3.997,0,57.259,2.8492,8.3516
D6-053,J,D6-053-J,502,13,0,118.478,10.997,0,0,3.249,1.0997,11.8478
D1-018,J,D1-018-J,502,79,1,88.238,92.253,1.497,0,2.251,9.2253,8.9735
D1-040,A,D1-040-A,502,78,2,105.73,40.005,0.998,0,0,4.0005,10.6728
D1-066,J,D1-066-J,502,141,18,98.234,49.751,60.752,0,0,4.9751,15.8986
D3-048,A,D3-048-A,502,33,0,80.503,73.989,0.75,0,0,7.3989,8.1253
D4-066,A,D4-066-A,502,43,0,65.109,66.269,19.74,0,0,6.6269,8.4849
D3-096,A,D3-096-A,502,0,0,51.001,386.736,0,0,0,38.6736,5.1001
D3-144,J,D3-144-J,502,23,0,41.998,84.741,3.751,0,0,8.4741,4.5749
D4-114,J,D4-114-J,502,11,0,19.502,39.5,0,0,0,3.95,1.9502
D5-025,J,D5-025-J,502,0,0,17.771,5.007,1.003,0,0,0.5007,1.8774
D5-121,J,D5-121-J,502,1,0,9.971,16.743,0,0,0,1.6743,0.9971
D4-114,A,D4-114-A,502,9,0,11.254,45.24,0,0,0,4.524,1.1254
D5-073,A,D5-073-A,502,4,0,7.495,91.496,0,0,0,9.1496,0.7495
D6-005,A,D6-005-A,502,77,0,79.629,39.02,20.497,0,0,3.902,10.0126
D6-101,A,D6-101-A,502,44,1,42.489,67.996,14.256,0,0,6.7996,5.6745
D3-008,J,D3-008-J,508,5,0,89.031,38.99,0,0,0,3.899,8.9031
D5-138,J,D5-138-J,508,4,0,49.99,12.495,2.751,0,0,1.2495,5.2741
D1-056,J,D1-056-J,508,3,0,23.246,38.26,0.756,0,0,3.826,2.4002
D6-056,J,D6-056-J,508,3,0,20.511,41.506,2.752,0,0,4.1506,2.3263
D1-067,J,D1-067-J,508,0,0,18.263,38.004,0,0,0,3.8004,1.8263
D1-019,J,D1-019-J,508,1,0,12.761,16.503,0.5,0,0,1.6503,1.3261
D5-042,J,D5-042-J,508,0,0,8.245,0,0,0,0,0,0.8245
D4-115,J,D4-115-J,508,1,0,8.002,2.245,0,0,0,0.2245,0.8002
D4-067,A,D4-067-A,508,1,0,0.747,68.343,0,0,0,6.8343,0.0747
D3-056,J,D3-056-J,508,11,1,39.254,53.748,0,0,0,5.3748,3.9254
D3-104,J,D3-104-J,508,11,1,32.337,21.248,4.746,0,0,2.1248,3.7083
D4-019,J,D4-019-J,508,24,0,58.518,22.247,3.491,0,0,2.2247,6.2009
D4-115,A,D4-115-A,508,1,0,0.998,0,0,0,0,0,0.0998
D5-090,A,D5-090-A,508,0,0,1.5,0.499,0,0,0,0.0499,0.15
D6-008,A,D6-008-A,508,112,4,137.716,86.731,28.498,3.999,0,8.6731,17.0213
D6-104,A,D6-104-A,508,9,0,9.251,33.492,0,0,0,3.3492,0.9251
D5-114,J,D5-114-J,517,1,0,13.744,0,0.5,0,15.503,0,1.4244
D3-030,A,D3-030-A,517,9,0,41.007,15.455,0,0,0,1.5455,4.1007
D1-042,J,D1-042-J,517,5,0,37.747,4.248,0.5,0,0,0.4248,3.8247
D6-064,J,D6-064-J,517,15,0,36.486,20.749,1,0,0,2.0749,3.7486
D1-071,J,D1-071-J,517,3,0,17.008,15.75,0.496,0,0,1.575,1.7504
D4-138,J,D4-138-J,517,5,0,14.993,1.501,0,0,0,0.1501,1.4993
D1-090,A,D1-090-A,517,7,0,12.752,27.996,0,0,0,2.7996,1.2752
D4-090,J,D4-090-J,517,1,0,12.245,21.01,1.751,0,0,2.101,1.3996
D3-078,A,D3-078-A,517,10,0,11.502,55.49,0,0,0,5.549,1.1502
D5-066,J,D5-066-J,517,0,0,3.008,2.5,1.998,0,0,0.25,0.5006
D3-126,J,D3-126-J,517,11,0,17.49,2.257,1.001,0,0,0.2257,1.8491
D4-042,J,D4-042-J,517,8,0,11.008,0,0.748,0,0,0,1.1756
D5-018,A,D5-018-A,517,23,0,16.983,1.993,0,0,0,0.1993,1.6983
D6-016,A,D6-016-A,517,3,0,2.747,28.76,0,0,0,2.876,0.2747
D6-112,A,D6-112-A,517,4,0,3.491,89.304,0,0,0,8.9304,0.3491
D4-121,J,D4-121-J,799,13,0,44.74,53.248,1.752,0,0,5.3248,4.6492
D3-007,J,D3-007-J,799,2,0,38.485,0.996,0,0,0,0.0996,3.8485
D6-080,J,D6-080-J,799,1,0,10.752,46.001,0,0,0,4.6001,1.0752
D1-013,J,D1-013-J,799,0,0,7.01,5.755,0,0,0,0.5755,0.701
D6-128,J,D6-128-J,799,3,0,5.246,37.501,0,0,0,3.7501,0.5246
D5-059,J,D5-059-J,799,1,0,3.256,0,0,0,0,0,0.3256
D1-061,J,D1-061-J,799,0,0,3.002,0,0,0,0,0,0.3002
D5-107,J,D5-107-J,799,0,0,1.009,0,0.751,0,0,0,0.176
D6-032,J,D6-032-J,799,0,0,0.752,8.502,0,0,0,0.8502,0.0752
D1-025,A,D1-025-A,799,0,0,0,0,0,0,0,0,0
D1-073,A,D1-073-A,799,0,0,0,1.001,0,0,0,0.1001,0
D4-073,J,D4-073-J,799,0,0,0,2.002,0,0,0,0.2002,0
D3-055,J,D3-055-J,799,35,0,36.502,36.252,0,0,0,3.6252,3.6502
D3-103,J,D3-103-J,799,5,0,11.748,35.999,0,0,0,3.5999,1.1748
D4-025,J,D4-025-J,799,4,0,12.503,5.76,0,0,0,0.576,1.2503
D5-011,A,D5-011-A,799,2,0,1.506,72.757,0,0,0,7.2757,0.1506
D5-131,J,D5-131-J,808,4,0,13.002,1.248,2.756,0,36.502,0.1248,1.5758
D3-032,A,D3-032-A,808,74,0,89.879,54.95,1.5,0,4.751,5.495,9.1379
D4-129,J,D4-129-J,808,44,4,40.504,2.503,7.996,0,0,0.2503,4.85
D3-080,A,D3-080-A,808,46,0,34.382,23.765,0,0,0,2.3765,3.4382
D1-081,A,D1-081-A,808,15,2,30.261,41.016,0,0,0,4.1016,3.0261
D6-069,J,D6-069-J,808,15,0,20.266,8.004,1.753,0,0,0.8004,2.2019
D4-081,J,D4-081-J,808,7,0,13.496,1.248,0.5,0,0,0.1248,1.3996
D1-033,A,D1-033-A,808,6,0,11.505,14.259,2.496,0,0,1.4259,1.4001
D5-035,J,D5-035-J,808,3,0,7.495,29.754,0.499,0,0,2.9754,0.7994
D1-030,A,D1-030-A,808,0,0,0,16.245,0,0,0,1.6245,0
D3-128,J,D3-128-J,808,2,0,5.999,2.747,0,0,0,0.2747,0.5999
D4-033,J,D4-033-J,808,9,0,22.243,5.003,4.001,0,0,0.5003,2.6244
D5-083,A,D5-083-A,808,1,0,0.75,2.502,0,0,0,0.2502,0.075
D6-021,A,D6-021-A,808,0,0,0.749,16.754,0,0,0,1.6754,0.0749
D6-117,A,D6-117-A,808,2,0,3.496,1.745,0,0,0,0.1745,0.3496
D1-015,J,D1-015-J,894,23,4,28.519,107.995,0.749,0,0,10.7995,2.9268
D4-059,A,D4-059-A,894,8,0,27.272,89.013,0,0,0,8.9013,2.7272
D1-059,J,D1-059-J,894,1,0,24.499,102.748,0,0,0,10.2748,2.4499
D6-061,J,D6-061-J,894,15,0,23.76,40.012,0,0,0,4.0012,2.376
D3-029,A,D3-029-A,894,10,0,23.508,69.002,0,0,0,6.9002,2.3508
D5-060,J,D5-060-J,894,2,0,6.753,175.988,0,0,0,17.5988,0.6753
D1-011,J,D1-011-J,894,0,0,6.5,39.742,0.5,0,0,3.9742,0.7
D5-108,J,D5-108-J,894,0,0,3.747,38.743,0.75,0,0,3.8743,0.4497
D3-077,A,D3-077-A,894,2,0,1.996,120.751,0,0,0,12.0751,0.1996
D3-125,J,D3-125-J,894,1,0,13.005,8.999,3.241,0,0,0.8999,1.6246
D4-011,J,D4-011-J,894,88,1,152.236,41.75,0,0,0,4.175,15.2236
D5-012,A,D5-012-A,894,5,0,1.987,151.286,0,0,0,15.1286,0.1987
D6-013,A,D6-013-A,894,0,0,0.499,0,0,0,0,0,0.0499
D6-109,A,D6-109-A,894,1,0,1,108.534,0,0,0,10.8534,0.1