Set,Rep ,Day,Arena,DGRP,Observation_title,Observation_order,video_file_name_convention,lunge_count,hold_count,tussle_count,court_dur_1m,court_dur_2males,aggr_dur_1male,aggr_dur_2males,wing_threat_dur,ceiling_dur,Threat_s_per_m,PhysicalAggression_s_per_m
1,A,1,1,26,A-D1-001,1,DGRP m-m D1.01-02,2,1,0,10.333,0,43.265,0,0,0,0,4.3265
1,B,1,48,26,B-D1-048,34,M-M-D1-…,4,0,0,2.179,0.767,1.529,0,0,0,0,0.1529
1,B,1,27,26,B-D1-027,21,M-M-D1-…,6,0,0,14.239,0,17.331,0.574,0,5.052,0,1.7905
2,B,1,84,26,B-D1-084,46,M-M-D1-…,13,1,0,2.014,0,20.717,3.147,0.332,6.397,0.0332,2.3864
2,A,2,51,26,A-D2-051,70,DGRP m-m D2-…,20,2,0,33.231,0,17.915,6.125,0.751,0,0.0751,2.404
2,B,2,30,26,B-D2-030,75,M-M-D2-…,4,0,0,30.499,5.736,1.597,0,0,0,0,0.1597
3,B,2,94,26,B-D2-094,121,M-M-D2-…,27,0,0,32.705,1.033,15.53,0,5.4,0,0.54,1.553
3,B,2,38,26,B-D2-038,79,M-M-D2-…,0,0,0,2.298,0,0,0,0,10.529,0,0
3,A,3,41,26,A-D3-041,107,DGRP m-m D3-…,24,0,0,162.878,33.123,10.929,0,10.768,1.537,1.0768,1.0929
5,B,3,51,26,B-D3-051,173,M-M-D3-…,0,0,0,2.902,0,0,0,0,15.701,0,0
6,B,3,91,26,B-D3-091,199,M-M-D3-…,0,0,0,2.601,0,0,0,0,15.772,0,0
4,B,3,16,26,B-D3-016,139,M-M-D3-…,0,0,0,1.537,0,0,0,0,29.346,0,0
4,A,4,31,26,A-D4-031,146,DGRP m-m D4-…,8,0,0,15.852,0,5.374,4.336,7.583,0,0.7583,0.971
8,B,4,74,26,B-D4-074,281,M-M-D4-…,0,0,0,21.914,0,0,0,0,1.807,0,0
8,B,4,49,26,B-D4-049,261,M-M-D4-…,2,0,0,9.979,0.511,0.527,0,0,81.388,0,0.0527
7,B,4,21,26,B-D4-021,240,M-M-D4-…,0,0,0,0.768,0,0,0,0,84.971,0,0
5,A,5,21,26,A-D5-021,163,DGRP m-m D5-…,11,1,0,55.941,17.85,5.242,0.542,4.727,0,0.4727,0.5784
6,A,5,80,26,A-D5-080,204,DGRP m-m D5-…,16,0,0,12.37,0,9.339,0,1.535,0,0.1535,0.9339
10,B,5,54,26,B-D5-054,354,M-M-D5-…,0,0,0,9.902,0,0,0,0,14.441,0,0
9,B,5,21,26,B-D5-021,320,M-M-D5-…,6,0,0,18.651,0,3.818,0,4.864,23.734,0.4864,0.3818
11,B,5,93,26,B-D5-093,388,M-M-D5-…,1,0,0,54.163,0,0.5,0,0,71.501,0,0.05
7,A,6,11,26,A-D6-011,231,DGRP m-m D6-…,8,2,0,223.49,63.472,8.732,0,8.128,0,0.8128,0.8732
8,A,6,70,26,A-D6-070,266,DGRP m-m D6-…,0,0,0,25.816,0,0,0,0,0,0,0
12,B,6,2,26,B-D6-002,399,M-M-D6-…,0,0,0,15.588,1.291,0,0,0,33.377,0,0
9,A,7,1,26,A-D7-001,308,DGRP m-m D7-…,32,6,0,61.275,9.228,41.713,1.312,12.795,123.388,1.2795,4.3025
10,A,8,51,26,A-D8-051,365,DGRP m-m D8-…,11,0,0,45.117,2.143,6.523,0,2.09,0,0.209,0.6523
11,A,8,110,26,A-D8-110,397,DGRP m-m D8-…,24,0,0,65.59,0.773,20.317,0,9.004,28.705,0.9004,2.0317
12,A,9,31,26,A-D9-031,422,DGRP m-m D9-…,4,0,0,22.941,0.799,3.237,0,1.205,0,0.1205,0.3237
13,A,9,90,26,A-D9-090,446,DGRP m-m D9-…,3,0,0,12.695,0,2.149,0,3.452,13.055,0.3452,0.2149
1,A,1,14,177,A-D1-014,2,DGRP m-m D1.13-14,41,2,0,80.238,34.965,60.495,40.836,6.691,0,0.6691,10.1331
1,B,1,3,177,B-D1-003,6,M-M-D1-03-04,1,0,0,19.258,0,0.511,0,0,41.451,0,0.0511
2,A,2,5,177,A-D2-005,48,DGRP m-m D2-…,42,3,0,87.249,11.611,37.174,1.398,16.17,0,1.617,3.8572
3,B,2,49,177,B-D2-049,90,M-M-D2-…,0,0,0,10.65,0,0,0,0,0,0,0
3,B,2,70,177,B-D2-070,101,M-M-D2-…,14,0,0,56.739,1.6,5.071,0,0,7.199,0,0.5071
4,B,2,106,177,B-D2-106,125,M-M-D2-…,0,0,0,251.934,74.676,0,0,0,29.217,0,0
2,B,2,14,177,B-D2-014,60,M-M-D2-…,0,0,0,25.305,0,0,0,0,30.351,0,0
6,B,3,99,177,B-D3-099,220,M-M-D3-…,18,0,0,58.831,6.868,13.263,0.795,0.778,27.376,0.0778,1.4058
3,A,3,54,177,A-D3-054,108,DGRP m-m D3-…,9,0,0,116.458,12.596,3.806,0,0.502,98.034,0.0502,0.3806
4,B,3,35,177,B-D3-035,158,M-M-D3-…,4,0,0,17.041,0,1.395,0,8.964,1.791,0.8964,0.1395
6,B,3,96,177,B-D3-096,218,M-M-D3-…,15,0,0,112.073,27.328,9.844,0.779,0,10.039,0,1.0623
4,B,3,11,177,B-D3-011,137,M-M-D3-…,1,0,0,174.1,28.109,0.327,0,0,32.804,0,0.0327
4,A,4,44,177,A-D4-044,147,DGRP m-m D4-…,10,0,0,118.328,88.398,6.525,0.524,1.314,0,0.1314,0.7049
8,B,4,33,177,B-D4-033,253,M-M-D4-…,3,0,0,59.027,16.667,1.314,0,1.008,0,0.1008,0.1314
9,B,4,89,177,B-D4-089,295,M-M-D4-…,0,0,0,75.058,11.141,0,0,0,48.062,0,0
7,B,4,10,177,B-D4-010,225,M-M-D4-…,0,0,0,20.964,0,0,0,0,96.902,0,0
5,A,5,34,177,A-D5-034,164,DGRP m-m D5-…,5,0,0,153.957,19.725,2.274,0,1.56,0,0.156,0.2274
6,A,5,93,177,A-D5-093,205,DGRP m-m D5-…,10,0,0,187.736,131.798,5.106,0,2.031,108.306,0.2031,0.5106
10,B,5,58,177,B-D5-058,356,M-M-D5-…,0,0,0,5.134,0,0,0,0,6.148,0,0
11,B,5,73,177,B-D5-073,370,M-M-D5-…,2,0,0,60.054,3.105,1.011,0,0,14.081,0,0.1011
9,B,5,10,177,B-D5-010,304,M-M-D5-…,1,1,0,83.728,12.4,0.76,0,0,15.207,0,0.076
12,B,6,21,177,B-D6-021,416,M-M-D6-…,0,0,0,18.684,0,0,0,0,6.062,0,0
13,B,6,57,177,B-D6-057,451,M-M-D6-…,1,0,0,36.436,8.019,0.528,0,2.835,12.801,0.2835,0.0528
13,B,6,42,177,B-D6-042,435,M-M-D6-…,0,0,0,43.788,5.026,0,0,0,33.378,0,0
9,A,7,14,177,A-D7-014,309,DGRP m-m D7-…,3,0,0,117.019,96.49,1.052,0,3.333,10.917,0.3333,0.1052
10,A,8,5,177,A-D8-005,344,DGRP m-m D8-…,6,0,0,128.226,37.084,1.543,0,0.268,0,0.0268,0.1543
11,A,8,64,177,A-D8-064,375,DGRP m-m D8-…,52,4,0,43.239,6.415,54.531,21.119,4.263,0,0.4263,7.565
12,A,9,44,177,A-D9-044,423,DGRP m-m D9-…,0,0,0,155.127,41.839,0,0,0,152.497,0,0
13,A,10,4,177,A-D10-004,460,DGRP m-m D10-…,11,0,0,94.504,23.402,5.946,0,5.3,60.749,0.53,0.5946
1,A,1,15,195,A-D1-015,3,DGRP m-m D1.15-16,50,1,3,135.127,63.712,48.051,8.802,0.527,1.807,0.0527,5.6853
1,B,1,20,195,B-D1-020,13,M-M-D1-…,33,5,2,56.362,2.271,30.862,7,15.768,0,1.5768,3.7862
1,B,1,51,195,B-D1-051,35,M-M-D1-…,12,3,1,38.847,3.324,21.967,0.532,8.696,0,0.8696,2.2499
2,B,1,76,195,B-D1-076,44,M-M-D1-…,26,0,0,16.45,0,41.356,5.645,11.509,0,1.1509,4.7001
2,A,2,6,195,A-D2-006,49,DGRP m-m D2-…,1,0,0,258.694,83.844,0.243,0,0,15.712,0,0.0243
3,B,2,46,195,B-D2-046,89,M-M-D2-…,4,0,0,111.132,37.966,2.089,0,0,0,0,0.2089
2,B,2,13,195,B-D2-013,59,M-M-D2-…,5,1,0,8.238,0,6.64,0,0,6.156,0,0.664
3,B,2,85,195,B-D2-085,116,M-M-D2-…,44,0,0,169.68,18.457,40.601,2.033,2.308,60.239,0.2308,4.2634
3,A,3,55,195,A-D3-055,109,DGRP m-m D3-…,32,0,0,228.12,216.152,17.394,2.019,5.734,0,0.5734,1.9413
5,B,3,60,195,B-D3-060,178,M-M-D3-…,10,0,0,135.83,22.462,5.491,0.514,0,0,0,0.6005
6,B,3,75,195,B-D3-075,191,M-M-D3-…,3,0,0,63.916,1.294,0.751,0,0,0,0,0.0751
4,B,3,4,195,B-D3-004,134,M-M-D3-…,1,0,0,180.314,23.965,0.239,0,0,7.708,0,0.0239
8,B,4,38,195,B-D4-038,256,M-M-D4-…,31,4,0,34.525,5.764,46.601,1.532,5.693,2.806,0.5693,4.8133
9,B,4,90,195,B-D4-090,296,M-M-D4-…,24,2,0,135.123,27.755,23.876,3.072,34.444,5.375,3.4444,2.6948
7,B,4,26,195,B-D4-026,243,M-M-D4-…,6,0,0,1.028,0,3.065,0,0,5.63,0,0.3065
5,A,5,35,195,A-D5-035,165,DGRP m-m D5-…,2,0,0,217.116,229.868,1.24,0,0.767,0,0.0767,0.124
6,A,5,94,195,A-D5-094,206,DGRP m-m D5-…,9,0,0,47.806,0,6.344,0,0,0,0,0.6344
10,B,5,41,195,B-D5-041,338,M-M-D5-…,2,0,0,14.288,0,0.527,0,1.266,0,0.1266,0.0527
9,B,5,18,195,B-D5-018,319,M-M-D5-…,2,0,0,4.712,0,0.767,0,0,2.304,0,0.0767
11,B,5,89,195,B-D5-089,386,M-M-D5-…,5,0,0,4.947,0,4.951,0,0,8.899,0,0.4951
8,A,6,84,195,A-D6-084,267,DGRP m-m D6-…,35,3,0,279.751,195.317,27.596,1.538,4.114,9.205,0.4114,2.9134
7,A,6,25,195,A-D6-025,233,DGRP m-m D6-…,6,1,0,294.789,79.28,3.215,0,15.359,26.259,1.5359,0.3215
9,A,7,15,195,A-D7-015,310,DGRP m-m D7-…,48,5,0,145.783,29.166,69.049,3.157,8.908,0,0.8908,7.2206
11,A,8,65,195,A-D8-065,376,DGRP m-m D8-…,5,0,0,203.944,291.923,2.303,0,0,2.806,0,0.2303
10,A,8,6,195,A-D8-006,345,DGRP m-m D8-…,1,0,0,289.425,143.606,0.24,0,0,7.374,0,0.024
12,A,9,45,195,A-D9-045,424,DGRP m-m D9-…,48,5,0,129.953,55.943,50.843,0,15.425,0,1.5425,5.0843
13,A,9,104,195,A-D9-104,455,DGRP m-m D9-…,60,1,0,163.418,86.204,62.969,11.793,82.703,0,8.2703,7.4762
1,A,1,16,208,A-D1-016,4,DGRP m-m D1.15-16,59,0,0,66.689,0.757,67.86,0.535,7.885,58.033,0.7885,6.8395
2,B,1,79,208,B-D1-079,45,M-M-D1-…,35,3,2,7.728,0,37.643,8.035,6.047,15.017,0.6047,4.5678
1,B,1,59,208,B-D1-059,37,M-M-D1-…,1,0,0,15.875,0,0.526,0,0,83.37,0,0.0526
2,A,2,7,208,A-D2-007,50,DGRP m-m D2-…,62,1,0,29.864,4.097,95.521,5.791,26.635,0,2.6635,10.1312
3,B,2,78,208,B-D2-078,113,M-M-D2-…,44,0,0,44.422,0.765,35.552,10.815,11.731,11.703,1.1731,4.6367
2,B,2,25,208,B-D2-025,72,M-M-D2-…,0,0,0,3.834,0,0,0,0,57.94,0,0
3,B,2,65,208,B-D2-065,98,M-M-D2-…,3,0,0,29.95,1.539,1.032,0,0,68.395,0,0.1032
5,B,3,44,208,B-D3-044,170,M-M-D3-…,2,0,0,7.444,0,0.503,0,0,1.326,0,0.0503
4,B,3,19,208,B-D3-019,140,M-M-D3-…,10,0,0,28.402,0,10,0,0,18.4,0,1
6,B,3,71,208,B-D3-071,189,M-M-D3-…,1,0,0,25.774,0.524,0.255,0,0,101.693,0,0.0255
7,B,4,30,208,B-D4-030,245,M-M-D4-…,0,0,0,27.718,0,0,0,0,11.359,0,0
9,B,4,86,208,B-D4-086,294,M-M-D4-…,0,0,0,8.249,0,0,0,0,29.475,0,0
6,A,5,95,208,A-D5-095,207,DGRP m-m D5-…,24,0,0,141.36,344.079,22.824,0,1.001,0,0.1001,2.2824
5,A,5,36,208,A-D5-036,166,DGRP m-m D5-…,61,0,0,35.238,1.298,62.355,7.955,50.525,0,5.0525,7.031
9,B,5,9,208,B-D5-009,303,M-M-D5-…,39,2,0,52.111,8.047,29.983,2.51,4.842,0,0.4842,3.2493
11,B,5,74,208,B-D5-074,371,M-M-D5-…,1,0,0,55.633,5.377,0.242,0,0,6.168,0,0.0242
10,B,5,62,208,B-D5-062,358,M-M-D5-…,0,0,0,8.426,0,0,0,0,18.164,0,0
11,B,5,101,208,B-D5-101,391,M-M-D5-…,0,0,0,59.758,0,0,0,0,40.888,0,0
7,A,6,26,208,A-D6-026,234,DGRP m-m D6-…,6,0,0,141.29,47.005,2.31,0,3.343,0,0.3343,0.231
8,A,6,85,208,A-D6-085,268,DGRP m-m D6-…,35,0,0,49.535,14.667,47.543,0,6.013,0,0.6013,4.7543
13,B,6,62,208,B-D6-062,454,M-M-D6-…,19,1,0,66.992,6.862,19.576,0.27,3.376,4.847,0.3376,1.9846
12,B,6,6,208,B-D6-006,401,M-M-D6-…,1,0,0,180.721,7.439,0.269,0,0.511,6.656,0.0511,0.0269
13,B,6,34,208,B-D6-034,431,M-M-D6-…,7,0,0,116.512,93.167,3.828,0.745,4.798,270.933,0.4798,0.4573
9,A,7,16,208,A-D7-016,311,DGRP m-m D7-…,59,0,0,35.707,4.529,51.537,2.092,25.204,0,2.5204,5.3629
9,A,7,76,208,A-D7-076,333,DGRP m-m D7-…,75,5,0,85.298,18.804,75.469,10.708,24.447,0,2.4447,8.6177
10,A,8,7,208,A-D8-007,346,DGRP m-m D8-…,24,1,0,198.712,66.3,20.493,7.011,26.155,0,2.6155,2.7504
11,A,8,66,208,A-D8-066,377,DGRP m-m D8-…,23,0,1,67.934,0.767,19.638,1.548,10.771,0,1.0771,2.1186
12,A,9,46,208,A-D9-046,425,DGRP m-m D9-…,58,0,0,124.169,12.792,50.692,4.864,5.187,42.065,0.5187,5.5556
13,A,9,105,208,A-D9-105,456,DGRP m-m D9-…,51,0,0,0,0,59.843,0,6.034,600.945,0.6034,5.9843
2,B,1,67,235,B-D1-067,41,M-M-D1-…,24,0,0,24.022,0,45.931,3.583,0,0,0,4.9514
1,B,1,36,235,B-D1-036,25,M-M-D1-…,0,0,0,17.282,0,0,0,0,2.33,0,0
1,B,1,8,235,B-D1-008,9,M-M-D1-07-08,2,0,0,10.096,0,4.098,1.792,0,37.366,0,0.589
2,A,2,11,235,A-D2-011,51,DGRP m-m D2-…,1,0,0,37.704,90.087,0.534,0,0,84.431,0,0.0534
3,B,2,61,235,B-D2-061,96,M-M-D2-…,1,0,0,3.595,1.267,0.769,0,1.531,0,0.1531,0.0769
3,B,2,81,235,B-D2-081,114,M-M-D2-…,25,0,0,15.658,0.768,23.667,0,8.04,0,0.804,2.3667
2,B,2,17,235,B-D2-017,61,M-M-D2-…,6,0,0,21.27,0,10.197,0,0.532,28.468,0.0532,1.0197
3,A,3,1,235,A-D3-001,80,DGRP m-m D3-…,17,0,0,98.008,31.469,9.731,0,4.62,0,0.462,0.9731
4,B,3,28,235,B-D3-028,155,M-M-D3-…,18,0,0,33.759,3.404,14.136,0.532,1.063,0,0.1063,1.4668
6,B,3,84,235,B-D3-084,196,M-M-D3-…,1,0,0,26.262,9.195,0.504,0,1.53,0,0.153,0.0504
5,B,3,48,235,B-D3-048,172,M-M-D3-…,14,1,0,15.557,0,8.351,0,38.279,21.504,3.8279,0.8351
4,A,4,50,235,A-D4-050,148,DGRP m-m D4-…,0,0,0,243.244,108.902,0,0,0.269,0,0.0269,0
8,B,4,53,235,B-D4-053,263,M-M-D4-…,2,0,0,12.444,0,2.1,0,0,12.815,0,0.21
7,B,4,22,235,B-D4-022,241,M-M-D4-…,0,0,0,17.702,0,0,0,0,31.207,0,0
8,B,4,77,235,B-D4-077,282,M-M-D4-…,2,0,0,0.674,0,1.431,0,0,176.68,0,0.1431
5,A,5,40,235,A-D5-040,183,DGRP m-m D5-…,12,1,0,501.978,8.973,13.125,0,3.918,0,0.3918,1.3125
9,B,5,17,235,B-D5-017,307,M-M-D5-…,35,1,1,26.073,0.524,38.685,19.675,9.081,0,0.9081,5.836
10,B,5,42,235,B-D5-042,339,M-M-D5-…,9,0,0,11.238,0,11.618,0,4.893,0,0.4893,1.1618
11,B,5,81,235,B-D5-081,373,M-M-D5-…,2,0,0,1.565,0,1.293,0,0,0,0,0.1293
7,A,6,30,235,A-D6-030,235,DGRP m-m D6-…,0,0,0,13.124,0.767,0,0,13.87,0,1.387,0
8,A,6,89,235,A-D6-089,269,DGRP m-m D6-…,11,0,0,42.331,10.513,10.842,0,2.669,0,0.2669,1.0842
12,B,6,29,235,B-D6-029,420,M-M-D6-…,0,0,0,5.14,0,0,0,0,0,0,0
13,B,6,53,235,B-D6-053,449,M-M-D6-…,0,0,0,4.137,0,0,0,0,31.53,0,0
9,A,7,20,235,A-D7-020,312,DGRP m-m D7-…,12,0,0,18.943,0.24,6.16,0,2.798,0,0.2798,0.616
10,A,8,11,235,A-D8-011,347,DGRP m-m D8-…,14,0,0,18.717,0,13.562,4.878,8.477,0,0.8477,1.844
12,A,9,50,235,A-D9-050,426,DGRP m-m D9-…,10,0,0,52.421,22.274,10.531,0,1.56,21.729,0.156,1.0531
1,A,1,22,301,A-D1-022,5,DGRP m-m D1.21-22,24,0,0,57.364,22.575,34.544,1.77,23.519,0,2.3519,3.6314
1,B,1,4,301,B-D1-004,7,M-M-D1-03-04,13,10,0,49.293,3.329,15.694,0.622,0,2.566,0,1.6316
1,B,1,56,301,B-D1-056,36,M-M-D1-…,0,0,0,206.081,141.259,0,0.128,0,4.616,0,0.0128
2,A,2,13,301,A-D2-013,52,DGRP m-m D2-…,6,0,0,47.166,5.342,2.791,0,0,0,0,0.2791
2,B,2,26,301,B-D2-026,73,M-M-D2-…,52,2,3,69.108,77.687,52.086,60.412,12.358,0,1.2358,11.2498
3,B,2,57,301,B-D2-057,94,M-M-D2-…,5,1,0,3.731,0,3.707,0,0.503,0,0.0503,0.3707
3,B,2,98,301,B-D2-098,123,M-M-D2-…,3,0,0,11.289,3.336,2.464,0,0,0,0,0.2464
3,B,2,105,301,B-D2-105,124,M-M-D2-…,4,0,0,32.123,4.622,2.547,0,5.136,0,0.5136,0.2547
3,A,3,3,301,A-D3-003,81,DGRP m-m D3-…,68,7,2,57.703,36.847,89.346,20.067,19.117,14.097,1.9117,10.9413
4,B,3,24,301,B-D3-024,153,M-M-D3-…,32,2,0,11.199,0,72.22,0,1.033,0,0.1033,7.222
6,B,3,95,301,B-D3-095,216,M-M-D3-…,23,0,0,42.307,2.202,21.914,0,0,0.278,0,2.1914
5,B,3,63,301,B-D3-063,179,M-M-D3-…,2,0,0,187.578,62.625,0.616,0,0,15.343,0,0.0616
4,A,4,52,301,A-D4-052,149,DGRP m-m D4-…,33,1,0,252.389,42.737,25.201,7.17,2.447,0,0.2447,3.2371
7,B,4,25,301,B-D4-025,242,M-M-D4-…,62,1,0,111.507,43.054,33.539,0.3,0,0,0,3.3839
8,B,4,45,301,B-D4-045,259,M-M-D4-…,2,0,0,5.175,0,1.265,0,0,0,0,0.1265
9,B,4,81,301,B-D4-081,291,M-M-D4-…,61,1,0,80.132,4.829,90.904,0,0,0,0,9.0904
5,A,5,42,301,A-D5-042,184,DGRP m-m D5-…,5,0,0,26.922,0.243,4.234,0,0.277,0,0.0277,0.4234
6,A,5,101,301,A-D5-101,209,DGRP m-m D5-…,32,1,0,56.709,0,36.948,17.051,82.96,0,8.296,5.3999
11,B,5,94,301,B-D5-094,389,M-M-D5-…,13,0,0,46.681,2.908,17.295,0,0.417,0,0.0417,1.7295
10,B,5,53,301,B-D5-053,353,M-M-D5-…,4,0,0,18.69,0.768,1.566,0,0,38.152,0,0.1566
9,B,5,14,301,B-D5-014,306,M-M-D5-…,0,0,0,82.566,1.768,0,0,0,100.463,0,0
7,A,6,32,301,A-D6-032,246,DGRP m-m D6-…,22,2,0,33.903,1.86,33.109,16.062,13.107,0,1.3107,4.9171
12,B,6,13,301,B-D6-013,404,M-M-D6-…,16,2,0,46.504,0.5,22.159,31.004,4.153,10.011,0.4153,5.3163
9,A,7,22,301,A-D7-022,313,DGRP m-m D7-…,7,1,0,331.914,76.232,5.982,0,10.992,0,1.0992,0.5982
11,A,8,72,301,A-D8-072,378,DGRP m-m D8-…,41,2,0,165.916,24.931,41.043,0,8.153,0,0.8153,4.1043
10,A,8,13,301,A-D8-013,348,DGRP m-m D8-…,25,0,0,194.162,91.08,24.784,1.036,1.787,126.653,0.1787,2.582
12,A,9,52,301,A-D9-052,427,DGRP m-m D9-…,74,3,0,11.818,0,97.843,11.246,12.068,0,1.2068,10.9089
13,A,9,111,301,A-D9-111,458,DGRP m-m D9-…,29,6,0,94.955,4.643,84.107,35.499,15.125,0,1.5125,11.9606
1,A,1,25,332,A-D1-025,14,DGRP m-m D1.25-26,63,3,1,36.392,0,74.743,9.519,23.289,0,2.3289,8.4262
1,B,1,63,332,B-D1-063,39,M-M-D1-…,2,0,0,20.214,0,2.305,2.321,0,2.034,0,0.4626
1,B,1,16,332,B-D1-016,12,M-M-D1-…,13,1,0,27.535,0,5.948,3.321,0,14.696,0,0.9269
2,A,2,16,332,A-D2-016,53,DGRP m-m D2-…,61,2,1,92.868,5.14,55.153,0,7.519,59.914,0.7519,5.5153
3,B,2,86,332,B-D2-086,117,M-M-D2-…,66,2,0,207.944,29.917,73.365,1.01,0,0,0,7.4375
4,B,2,108,332,B-D2-108,127,M-M-D2-…,36,0,0,91.277,12.371,18.847,3.34,5.619,5.262,0.5619,2.2187
2,B,2,29,332,B-D2-029,74,M-M-D2-…,31,0,0,93.281,10.249,23.728,0.532,0,8.401,0,2.426
3,B,2,42,332,B-D2-042,87,M-M-D2-…,32,1,0,17.839,3.871,38.873,0,18.86,15.995,1.886,3.8873
3,A,3,6,332,A-D3-006,82,DGRP m-m D3-…,61,1,0,67.201,17.403,57.622,4.515,15.954,385.39,1.5954,6.2137
4,B,3,3,332,B-D3-003,133,M-M-D3-…,1,0,0,44.558,0,0.256,0,0,0,0,0.0256
5,B,3,55,332,B-D3-055,175,M-M-D3-…,2,0,0,26.99,0,1.029,0,0,0,0,0.1029
6,B,3,83,332,B-D3-083,195,M-M-D3-…,21,0,0,51.638,10.562,21.785,0,15.842,0.5,1.5842,2.1785
4,A,4,55,332,A-D4-055,150,DGRP m-m D4-…,54,1,0,69.307,25.703,46.529,11.855,1.837,0,0.1837,5.8384
7,B,4,6,332,B-D4-006,221,M-M-D4-…,0,0,0,72.938,3.688,0,0,0,5.891,0,0
8,B,4,73,332,B-D4-073,280,M-M-D4-…,7,0,0,114.998,21.25,3.793,2.036,0.526,57.714,0.0526,0.5829
8,B,4,57,332,B-D4-057,272,M-M-D4-…,0,0,0,11.756,0,0,0,0.256,93.393,0.0256,0
5,A,5,45,332,A-D5-045,185,DGRP m-m D5-…,0,0,0,206.827,169.257,0,0,2.06,0,0.206,0
6,A,5,104,332,A-D5-104,210,DGRP m-m D5-…,6,1,0,318.916,115.574,3.501,0,0.643,107.106,0.0643,0.3501
9,B,5,25,332,B-D5-025,322,M-M-D5-…,1,0,0,41.42,0.766,0.264,0,0,58.066,0,0.0264
7,A,6,35,332,A-D6-035,247,DGRP m-m D6-…,20,1,0,57.295,3.058,29.59,0,75.099,0,7.5099,2.959
9,A,7,25,332,A-D7-025,314,DGRP m-m D7-…,10,0,0,119.317,7.594,11.583,0,0,21.525,0,1.1583
11,A,8,75,332,A-D8-075,379,DGRP m-m D8-…,30,1,0,143.42,304.626,26.19,0,3.302,0,0.3302,2.619
10,A,8,16,332,A-D8-016,349,DGRP m-m D8-…,0,0,0,209.998,123.342,0,0,2.186,16.314,0.2186,0
13,A,9,114,332,A-D9-114,459,DGRP m-m D9-…,13,0,0,268.257,164.916,17.348,0,2.285,14.266,0.2285,1.7348
12,A,9,55,332,A-D9-055,428,DGRP m-m D9-…,53,1,0,39.164,10.953,53.869,0,75.633,473.627,7.5633,5.3869
1,A,1,30,373,A-D1-030,15,DGRP m-m D1-…,48,1,0,143.483,51.211,41.878,2.698,8.07,0,0.807,4.4576
3,B,2,53,373,B-D2-053,92,M-M-D2-…,63,0,1,61.186,4.065,77.998,6.641,11.056,225.421,1.1056,8.4639
2,A,2,21,373,A-D2-021,54,DGRP m-m D2-…,5,0,0,30.764,0,4.692,0.769,18.194,9.007,1.8194,0.5461
2,B,2,34,373,B-D2-034,77,M-M-D2-…,25,1,1,15.647,0,33.733,10.537,11.531,0,1.1531,4.427
3,B,2,89,373,B-D2-089,118,M-M-D2-…,39,0,0,42.956,14.815,58.077,0,3.627,6.377,0.3627,5.8077
4,B,3,32,373,B-D3-032,157,M-M-D3-…,35,0,1,36.746,12.924,26.628,7.925,17.7,0,1.77,3.4553
6,B,3,76,373,B-D3-076,192,M-M-D3-…,7,0,0,65.11,2.848,3.114,0,4.273,0,0.4273,0.3114
4,A,4,1,373,A-D4-001,129,DGRP m-m D4-…,11,0,0,9.266,0,4.274,0,5.654,0,0.5654,0.4274
9,B,4,93,373,B-D4-093,297,M-M-D4-…,37,0,0,142.677,26.587,34.734,0,5.135,0,0.5135,3.4734
7,B,4,29,373,B-D4-029,244,M-M-D4-…,0,0,0,11.019,0,0,0,0,62.948,0,0
8,B,4,42,373,B-D4-042,258,M-M-D4-…,0,0,0,19.232,0,0,0,0,116.538,0,0
9,B,5,29,373,B-D5-029,324,M-M-D5-…,0,0,0,5.953,0,0,0,0,0,0,0
10,B,5,57,373,B-D5-057,355,M-M-D5-…,23,0,0,79.819,1.284,18.661,0,10.495,0,1.0495,1.8661
11,B,5,86,373,B-D5-086,385,M-M-D5-…,27,0,0,18.173,1.039,26.042,0,3.841,0,0.3841,2.6042
11,B,5,97,373,B-D5-097,390,M-M-D5-…,11,0,0,38.783,11.745,8.962,0,2.566,20.231,0.2566,0.8962
7,A,6,40,373,A-D6-040,248,DGRP m-m D6-…,0,0,0,152.451,167.916,0,0,0,0,0,0
8,A,6,99,373,A-D6-099,284,DGRP m-m D6-…,5,0,0,6.07,0,2.849,0,3.196,0,0.3196,0.2849
13,B,6,61,373,B-D6-061,453,M-M-D6-…,0,0,0,19.48,1.454,0,0,0,0,0,0
12,B,6,1,373,B-D6-001,398,M-M-D6-…,0,0,0,32.506,0.242,0,0,0,44.403,0,0
13,B,6,41,373,B-D6-041,434,M-M-D6-…,0,0,0,0,0,0,0,2.51,44.718,0.251,0
9,A,7,30,373,A-D7-030,315,DGRP m-m D7-…,4,0,0,202.278,184.753,3.803,0,2.824,1.808,0.2824,0.3803
10,A,8,21,373,A-D8-021,350,DGRP m-m D8-…,4,0,0,81.151,13.433,2.3,0,0,0,0,0.23
11,A,8,80,373,A-D8-080,380,DGRP m-m D8-…,23,0,0,38.911,4.242,19.805,0,2.938,0,0.2938,1.9805
12,A,9,1,373,A-D9-001,407,DGRP m-m D9-…,1,0,0,149.846,29.059,0.254,0,1.021,11.765,0.1021,0.0254
12,A,9,60,373,A-D9-060,429,DGRP m-m D9-…,1,0,0,179.948,219.001,0.243,0,0,0,0,0.0243
13,A,10,7,373,A-D10-007,461,DGRP m-m D10-…,41,1,0,51.448,3.042,44.447,0,51.452,0,5.1452,4.4447
1,A,1,31,375,A-D1-031,16,DGRP m-m D1-…,5,0,0,206.285,27.642,6.687,0,0,58.146,0,0.6687
1,B,1,32,375,B-D1-032,23,M-M-D1-…,0,0,0,1.066,0,0,0,0,0,0,0
2,A,2,22,375,A-D2-022,63,DGRP m-m D2-…,0,0,0,117.927,30.874,0,0,0,0,0,0
2,B,2,3,375,B-D2-003,55,M-M-D2-…,8,0,0,41.582,8.266,10.638,0,0,0,0,1.0638
3,B,2,73,375,B-D2-073,102,M-M-D2-…,0,0,0,280.728,116.354,0,0,0,0,0,0
4,B,2,107,375,B-D2-107,126,M-M-D2-…,24,0,0,187.262,70.346,9.704,0,8.178,0,0.8178,0.9704
3,B,2,54,375,B-D2-054,93,M-M-D2-…,0,0,0,204.586,131.532,0,0,0,26.39,0,0
3,A,3,12,375,A-D3-012,83,DGRP m-m D3-…,0,0,0,143.184,91.965,0,0,0,0,0,0
4,B,3,31,375,B-D3-031,156,M-M-D3-…,4,0,0,27.75,0,4.131,0,0,4.039,0,0.4131
6,B,3,80,375,B-D3-080,194,M-M-D3-…,2,0,0,163.883,137.68,1.054,0,0,21.092,0,0.1054
5,B,3,64,375,B-D3-064,180,M-M-D3-…,0,0,0,106.195,35.052,0,0,0,27.245,0,0
4,A,4,2,375,A-D4-002,130,DGRP m-m D4-…,23,0,0,108.067,52.224,17.673,0,0.259,0,0.0259,1.7673
7,B,4,13,375,B-D4-013,236,M-M-D4-…,0,0,0,0,0,0,0,0,0,0,0
8,B,4,69,375,B-D4-069,278,M-M-D4-…,0,0,0,18.926,0,0,0,0,27.898,0,0
8,B,4,62,375,B-D4-062,275,M-M-D4-…,2,0,0,170.521,222.427,0.74,0,3.089,34.559,0.3089,0.074
5,A,5,51,375,A-D5-051,186,DGRP m-m D5-…,27,2,0,0,112.465,24.701,0,8.96,0,0.896,2.4701
6,A,5,110,375,A-D5-110,211,DGRP m-m D5-…,39,0,0,211.391,41.751,24.374,1.533,0.267,0,0.0267,2.5907
11,B,5,90,375,B-D5-090,387,M-M-D5-…,5,0,0,1.271,0,3.33,0,0,0,0,0.333
9,B,5,6,375,B-D5-006,302,M-M-D5-…,9,0,0,39.003,0,4.601,1.533,0.51,13.312,0.051,0.6134
10,B,5,33,375,B-D5-033,335,M-M-D5-…,0,0,0,64.566,5.501,0,0,0,14.782,0,0
8,A,6,100,375,A-D6-100,285,DGRP m-m D6-…,1,0,0,298.888,82.041,0.172,0,0,9.691,0,0.0172
7,A,6,41,375,A-D6-041,249,DGRP m-m D6-…,0,0,0,251.339,42.63,0,0,0,43.621,0,0
12,B,6,17,375,B-D6-017,406,M-M-D6-…,15,2,0,9.912,0,22.181,0,2.431,0,0.2431,2.2181
13,B,6,33,375,B-D6-033,430,M-M-D6-…,13,0,0,90.5,5.262,14.56,0,10.955,13.279,1.0955,1.456
9,A,7,31,375,A-D7-031,316,DGRP m-m D7-…,0,0,0,254.908,81.214,0,0,0.244,0,0.0244,0
10,A,8,22,375,A-D8-022,351,DGRP m-m D8-…,0,0,0,184.257,38.123,0,0,0.516,0,0.0516,0
11,A,8,81,375,A-D8-081,381,DGRP m-m D8-…,5,0,0,86.836,7.431,1.523,0,1.522,0,0.1522,0.1523
13,A,9,61,375,A-D9-061,438,DGRP m-m D9-…,1,0,0,197.16,67.626,0.312,0,6.375,0,0.6375,0.0312
1,A,1,33,385,A-D1-033,17,DGRP m-m D1-…,0,0,0,189.17,22.924,0,0,0,0,0,0
1,B,1,35,385,B-D1-035,24,M-M-D1-…,57,6,0,25.942,3.601,114.83,22.67,42.153,0,4.2153,13.75
2,B,1,71,385,B-D1-071,43,M-M-D1-…,17,1,0,36.923,7.472,59.669,1.079,30.014,0,3.0014,6.0748
1,B,1,7,385,B-D1-007,8,M-M-D1-07-08,2,0,0,3.585,0,0.783,0,18.966,0.771,1.8966,0.0783
2,A,2,24,385,A-D2-024,64,DGRP m-m D2-…,13,3,0,219.284,31.112,16.16,0,1.049,0,0.1049,1.616
3,B,2,41,385,B-D2-041,86,M-M-D2-…,49,2,0,41.118,3.778,63.044,5.243,17.266,0,1.7266,6.8287
3,B,2,97,385,B-D2-097,122,M-M-D2-…,14,0,0,28.578,12.128,7.728,0,2.316,3.069,0.2316,0.7728
2,B,2,33,385,B-D2-033,76,M-M-D2-…,1,0,0,10.479,1.805,0.525,0,4.656,4.592,0.4656,0.0525
6,B,3,72,385,B-D3-072,190,M-M-D3-…,1,0,0,16.904,0.528,0.257,0,0,2.302,0,0.0257
4,B,3,15,385,B-D3-015,138,M-M-D3-…,0,0,0,9.199,0.618,0,0,0,15.607,0,0
5,B,3,52,385,B-D3-052,174,M-M-D3-…,15,2,0,14.899,0,8.659,0,1.608,25.846,0.1608,0.8659
4,A,4,4,385,A-D4-004,131,DGRP m-m D4-…,1,0,0,13.311,0,0.256,0,8.43,0,0.843,0.0256
7,B,4,17,385,B-D4-017,238,M-M-D4-…,11,1,0,26.31,0.504,4.76,0,40.947,27.424,4.0947,0.476
8,B,4,34,385,B-D4-034,254,M-M-D4-…,6,0,0,175.542,52.408,3.376,0,0,37.113,0,0.3376
9,B,5,30,385,B-D5-030,325,M-M-D5-…,10,1,0,37.741,7.764,13.582,0,15.847,0,1.5847,1.3582
11,B,5,65,385,B-D5-065,366,M-M-D5-…,9,0,0,4.729,0,3.636,0,0,0,0,0.3636
10,B,5,45,385,B-D5-045,340,M-M-D5-…,3,0,0,21.074,0,2.15,0,0,10.43,0,0.215
8,A,6,102,385,A-D6-102,286,DGRP m-m D6-…,2,0,0,109.169,13.554,0.751,0,6.238,0,0.6238,0.0751
7,A,6,43,385,A-D6-043,250,DGRP m-m D6-…,15,0,0,156.101,152.305,19.259,0,27.545,112.768,2.7545,1.9259
13,B,6,37,385,B-D6-037,432,M-M-D6-…,59,0,0,24.407,1.225,62.144,1.27,24.102,7.84,2.4102,6.3414
12,B,6,25,385,B-D6-025,418,M-M-D6-…,12,0,0,13.615,0,22.677,0,0.766,10.35,0.0766,2.2677
9,A,7,33,385,A-D7-033,317,DGRP m-m D7-…,7,0,0,152.442,63.744,4.662,0,12.303,0,1.2303,0.4662
9,A,7,68,385,A-D7-068,331,DGRP m-m D7-…,98,0,0,89.387,5.167,149.263,0,19.588,0,1.9588,14.9263
11,A,8,83,385,A-D8-083,382,DGRP m-m D8-…,7,0,0,105.174,18.954,3.364,0,2.003,0,0.2003,0.3364
10,A,8,24,385,A-D8-024,352,DGRP m-m D8-…,2,0,0,235.305,107.9,0.805,0,0,57.592,0,0.0805
12,A,9,4,385,A-D9-004,408,DGRP m-m D9-…,6,0,0,83.675,17.411,2.817,0,10.016,0,1.0016,0.2817
1,A,1,34,391,A-D1-034,18,DGRP m-m D1-…,0,0,0,244.48,83.886,0,0,1.376,205.108,0.1376,0
2,A,2,25,391,A-D2-025,65,DGRP m-m D2-…,2,0,0,175.287,58.086,1.038,0,2.829,0,0.2829,0.1038
2,B,2,21,391,B-D2-021,62,M-M-D2-…,0,0,0,46.454,1.323,0,0,0,0,0,0
3,B,2,50,391,B-D2-050,91,M-M-D2-…,6,0,0,43.445,7.699,2.652,0,0.258,0,0.0258,0.2652
3,B,2,74,391,B-D2-074,111,M-M-D2-…,2,0,0,67.164,2.83,1.038,0,0,1.009,0,0.1038
3,A,3,15,391,A-D3-015,84,DGRP m-m D3-…,11,0,0,75.312,81.966,5.6,0,0.513,177.429,0.0513,0.56
5,B,3,67,391,B-D3-067,181,M-M-D3-…,64,1,0,74.795,8.86,35.791,0,1.475,0,0.1475,3.5791
6,B,3,100,391,B-D3-100,222,M-M-D3-…,0,0,0,52.156,8.206,0,0,0.598,0,0.0598,0
5,B,3,40,391,B-D3-040,168,M-M-D3-…,4,0,0,10.13,0.299,2.31,0,0,8.7,0,0.231
4,B,3,23,391,B-D3-023,152,M-M-D3-…,0,0,0,60.727,0.795,0,0,0,35.854,0,0
6,B,3,104,391,B-D3-104,226,M-M-D3-…,0,0,0,230.762,134.67,0,0,0,49.426,0,0
4,A,4,5,391,A-D4-005,132,DGRP m-m D4-…,0,0,0,183.308,20.147,0,0,0,0,0,0
8,B,4,41,391,B-D4-041,257,M-M-D4-…,2,0,0,49.572,26.746,1.03,0,0.5,52.905,0.05,0.103
8,B,4,70,391,B-D4-070,279,M-M-D4-…,0,0,0,29.939,0,0,0,0,69.549,0,0
7,B,4,18,391,B-D4-018,239,M-M-D4-…,1,0,0,163.423,21.904,0.243,0,0,103.919,0,0.0243
5,A,5,54,391,A-D5-054,187,DGRP m-m D5-…,5,0,0,62.267,97.526,3.915,0,22.012,0,2.2012,0.3915
11,B,5,70,391,B-D5-070,369,M-M-D5-…,5,0,0,63.894,18.012,3.827,0,13.787,0,1.3787,0.3827
9,B,5,13,391,B-D5-013,305,M-M-D5-…,1,0,0,239.031,136.158,0.267,0.5,0.602,4.67,0.0602,0.0767
10,B,5,38,391,B-D5-038,337,M-M-D5-…,3,0,0,78.249,22.469,1.075,0,4.64,11.783,0.464,0.1075
8,A,6,103,391,A-D6-103,287,DGRP m-m D6-…,0,0,0,261.033,210.557,0,0,0.272,0,0.0272,0
7,A,6,44,391,A-D6-044,251,DGRP m-m D6-…,0,0,0,160.745,111.773,0,0,1.07,24.391,0.107,0
12,B,6,9,391,B-D6-009,402,M-M-D6-…,0,0,0,338.221,117.458,0,0,0,0,0,0
9,A,7,34,391,A-D7-034,318,DGRP m-m D7-…,0,0,0,299.141,162.436,0,0,0,78.531,0,0
9,A,7,80,391,A-D7-080,334,DGRP m-m D7-…,0,0,0,167.778,241.695,0,0,0.255,96.418,0.0255,0
10,A,8,25,391,A-D8-025,359,DGRP m-m D8-…,0,0,0,205.428,181.345,0,0,2.01,61.971,0.201,0
11,A,8,84,391,A-D8-084,383,DGRP m-m D8-…,9,0,0,58.558,41.991,5.866,0,5.262,439.948,0.5262,0.5866
12,A,9,5,391,A-D9-005,409,DGRP m-m D9-…,0,0,0,246.028,136.68,0,0,0.799,0,0.0799,0
1,A,1,38,427,A-D1-038,27,DGRP m-m D1-…,24,0,0,100.512,41.399,65.778,0,8.404,0,0.8404,6.5778
1,B,1,60,427,B-D1-060,38,M-M-D1-…,6,0,0,58.464,3.88,3.035,0,0,24.81,0,0.3035
1,B,1,31,427,B-D1-031,22,M-M-D1-…,33,3,0,165.365,48.58,69.547,0,6.385,30.872,0.6385,6.9547
2,A,2,29,427,A-D2-029,66,DGRP m-m D2-…,8,0,0,146.642,38.075,5.984,0,2.921,96.662,0.2921,0.5984
3,B,2,93,427,B-D2-093,120,M-M-D2-…,1,0,0,286.674,109.345,0.367,0,0.333,0,0.0333,0.0367
3,B,2,66,427,B-D2-066,99,M-M-D2-…,0,0,0,124.788,19.001,0,0,0,62.471,0,0
3,A,3,19,427,A-D3-019,85,DGRP m-m D3-…,14,1,0,25.622,7.183,9.365,0,26.495,0,2.6495,0.9365
5,B,3,59,427,B-D3-059,177,M-M-D3-…,2,0,0,134.529,106.502,1.779,0,0,0,0,0.1779
6,B,3,107,427,B-D3-107,232,M-M-D3-…,0,0,0,207.81,44.139,0,0,0,0,0,0
4,B,3,20,427,B-D3-020,151,M-M-D3-…,4,0,0,91.597,12.037,2.034,0,0,25.408,0,0.2034
5,B,3,68,427,B-D3-068,182,M-M-D3-…,0,0,0,284.525,77.324,0,0,0,47.523,0,0
4,A,4,9,427,A-D4-009,141,DGRP m-m D4-…,22,0,0,201.919,67.333,27.394,0,2.335,176.607,0.2335,2.7394
8,B,4,54,427,B-D4-054,271,M-M-D4-…,3,0,0,14.519,0.998,1.271,0,0.767,0,0.0767,0.1271
9,B,4,85,427,B-D4-085,293,M-M-D4-…,37,0,0,68.922,10.032,21.771,2.31,9.64,0,0.964,2.4081
7,B,4,5,427,B-D4-005,219,M-M-D4-…,9,0,0,45.624,8.18,7.429,0,3.072,0.598,0.3072,0.7429
5,A,5,58,427,A-D5-058,188,DGRP m-m D5-…,2,1,0,264.376,251.722,1.579,0,0.533,0,0.0533,0.1579
6,A,5,117,427,A-D5-117,213,DGRP m-m D5-…,11,0,0,58.574,235.201,5.053,0,0.796,264.302,0.0796,0.5053
11,B,5,69,427,B-D5-069,368,M-M-D5-…,1,0,0,137.999,92.009,0.6,0,11.772,3.2,1.1772,0.06
10,B,5,46,427,B-D5-046,341,M-M-D5-…,0,0,0,70.961,1.067,0,0,0,31.544,0,0
9,B,5,5,427,B-D5-005,301,M-M-D5-…,1,0,0,111.757,17.004,0.524,0,0,74.473,0,0.0524
8,A,6,107,427,A-D6-107,288,DGRP m-m D6-…,11,2,0,301.179,128.644,10.576,0,1.86,0,0.186,1.0576
13,B,6,58,427,B-D6-058,452,M-M-D6-…,6,0,0,60.458,0.511,5.397,0,0,0,0,0.5397
12,B,6,26,427,B-D6-026,419,M-M-D6-…,7,0,0,87.528,6.449,5.13,0,0,4.401,0,0.513
12,B,6,5,427,B-D6-005,400,M-M-D6-…,0,0,0,88.532,21.361,0,0,0,6.465,0,0
9,A,7,38,427,A-D7-038,326,DGRP m-m D7-…,1,0,0,81.167,2.56,1.539,0,1.554,26.674,0.1554,0.1539
11,A,8,88,427,A-D8-088,392,DGRP m-m D8-…,3,0,0,66.765,8.414,1.296,0,8.967,481.779,0.8967,0.1296
10,A,8,29,427,A-D8-029,360,DGRP m-m D8-…,21,0,0,101.572,18.137,18.643,0,1.791,0,0.1791,1.8643
12,A,9,9,427,A-D9-009,410,DGRP m-m D9-…,0,0,0,49.822,1.796,0,0,0,0,0,0
13,A,9,68,427,A-D9-068,441,DGRP m-m D9-…,5,0,0,198.796,115.025,2.838,0,0.644,44.225,0.0644,0.2838
1,A,1,44,502,A-D1-044,28,DGRP m-m D1-…,1,0,0,223.767,269.552,0.274,0.895,0,20.993,0,0.1169
1,B,1,23,502,B-D1-023,19,M-M-D1-…,0,0,0,8.452,0,0,0,0,0,0,0
2,A,2,35,502,A-D2-035,67,DGRP m-m D2-…,13,1,0,54.856,51.888,21.652,0.523,13.029,482.659,1.3029,2.2175
2,B,2,10,502,B-D2-010,58,M-M-D2-…,42,0,0,54.163,3.299,59.216,30.246,13.035,0,1.3035,8.9462
3,B,2,77,502,B-D2-077,112,M-M-D2-…,7,0,0,213.276,137.426,2.771,0,0.359,11.863,0.0359,0.2771
2,B,2,37,502,B-D2-037,78,M-M-D2-…,3,0,0,203.891,10.745,4.613,0,8.721,180.538,0.8721,0.4613
6,B,3,103,502,B-D3-103,224,M-M-D3-…,1,0,0,47.731,7.788,0.273,0,0,0,0,0.0273
6,B,3,105,502,B-D3-105,228,M-M-D3-…,22,2,0,117.122,10.666,25.025,10.001,4.11,0,0.411,3.5026
4,B,3,8,502,B-D3-008,136,M-M-D3-…,0,0,0,14.298,0,0,0,0,4.096,0,0
5,B,3,43,502,B-D3-043,169,M-M-D3-…,6,0,0,207.139,23.816,4.292,0,2.577,5.363,0.2577,0.4292
6,B,3,79,502,B-D3-079,193,M-M-D3-…,50,0,0,194.222,73.552,45.585,1.288,7.247,20.66,0.7247,4.6873
4,A,4,15,502,A-D4-015,142,DGRP m-m D4-…,16,2,0,193.33,193.193,9.997,0.529,0,0,0,1.0526
8,B,4,58,502,B-D4-058,273,M-M-D4-…,25,0,0,39.77,7.418,18.161,1.006,0.768,1.025,0.0768,1.9167
9,B,4,94,502,B-D4-094,298,M-M-D4-…,2,0,0,117.803,64.884,1.692,0,0,11.033,0,0.1692
7,B,4,9,502,B-D4-009,223,M-M-D4-…,0,0,0,9.473,0,0,0,0,69.543,0,0
6,A,5,64,502,A-D5-064,200,DGRP m-m D5-…,44,7,4,211.775,159.012,42.33,33.434,10.62,0.847,1.062,7.5764
5,A,5,5,502,A-D5-005,159,DGRP m-m D5-…,0,0,0,267.722,187.934,0,0,0,17.137,0,0
10,B,5,61,502,B-D5-061,357,M-M-D5-…,0,0,0,8.938,0,0,0,0,3.597,0,0
9,B,5,22,502,B-D5-022,321,M-M-D5-…,0,0,0,188.128,141.947,0,0,0,18.663,0,0
11,B,5,78,502,B-D5-078,372,M-M-D5-…,0,0,0,7.679,0,0,0,0,18.768,0,0
7,A,6,54,502,A-D6-054,252,DGRP m-m D6-…,5,0,0,297.275,166.049,2.011,0,0,0,0,0.2011
8,A,6,113,502,A-D6-113,289,DGRP m-m D6-…,43,4,0,219.913,200.489,37.743,15.82,1.792,0,0.1792,5.3563
13,B,6,38,502,B-D6-038,433,M-M-D6-…,11,0,0,8.54,0,9.048,0,0,0,0,0.9048
13,B,6,54,502,B-D6-054,450,M-M-D6-…,0,0,0,17.626,0.811,0,0,0,18.3,0,0
12,B,6,10,502,B-D6-010,403,M-M-D6-…,0,0,0,9.537,0,0,0,0,47.343,0,0
9,A,7,44,502,A-D7-044,327,DGRP m-m D7-…,1,0,0,199.203,196.749,0.531,0,0,0,0,0.0531
11,A,8,94,502,A-D8-094,393,DGRP m-m D8-…,8,0,0,90.589,24.517,5.522,0,7.589,0,0.7589,0.5522
10,A,8,35,502,A-D8-035,361,DGRP m-m D8-…,19,2,0,75.363,73.405,15.718,0,11.326,396.532,1.1326,1.5718
13,A,9,74,502,A-D9-074,442,DGRP m-m D9-…,26,0,0,301.595,113.43,14.063,0,0.512,83.392,0.0512,1.4063
1,A,1,45,508,A-D1-045,29,DGRP m-m D1-…,10,0,0,68.365,43.786,5.356,2.808,4.098,448.661,0.4098,0.8164
1,B,1,15,508,B-D1-015,11,M-M-D1-…,1,0,0,2.575,0,0.275,0,0,0,0,0.0275
1,B,1,40,508,B-D1-040,26,M-M-D1-…,0,0,0,50.314,6.22,0,0,0,64.381,0,0
2,A,2,36,508,A-D2-036,68,DGRP m-m D2-…,0,0,0,314.559,129.002,0,0,0,0.531,0,0
3,B,2,90,508,B-D2-090,119,M-M-D2-…,0,0,0,26.692,0.787,0,0,0,30.329,0,0
3,B,2,58,508,B-D2-058,95,M-M-D2-…,0,0,0,67.959,0,0,0,0,73.54,0,0
2,B,2,4,508,B-D2-004,56,M-M-D2-…,0,0,0,38.388,0,0,0,0,90.153,0,0
3,A,3,26,508,A-D3-026,104,DGRP m-m D3-…,9,0,0,129.929,48.37,4.85,4.336,0,76.031,0,0.9186
5,B,3,56,508,B-D3-056,176,M-M-D3-…,14,2,1,18.58,0,15.775,10.283,0.528,0,0.0528,2.6058
6,B,3,106,508,B-D3-106,230,M-M-D3-…,0,0,0,74.696,13.057,0,0,0,51.287,0,0
4,A,4,16,508,A-D4-016,143,DGRP m-m D4-…,4,0,0,88.298,4.874,1.255,0,12.791,0,1.2791,0.1255
8,B,4,50,508,B-D4-050,262,M-M-D4-…,0,0,0,14.388,0,0,0,0,52.608,0,0
8,B,4,78,508,B-D4-078,283,M-M-D4-…,1,0,0,37.573,5.374,0.255,0,0,100.936,0,0.0255
7,B,4,2,508,B-D4-002,217,M-M-D4-…,0,0,0,10.595,0,0,0,0,172.317,0,0
5,A,5,6,508,A-D5-006,160,DGRP m-m D5-…,0,0,0,248.456,147.815,0,0,1.972,10.733,0.1972,0
9,B,5,1,508,B-D5-001,299,M-M-D5-…,0,0,0,12.101,0,0,0,0,11.072,0,0
10,B,5,50,508,B-D5-050,343,M-M-D5-…,0,0,0,27.596,0.592,0,0,0,107.074,0,0
11,B,5,82,508,B-D5-082,374,M-M-D5-…,0,0,0,4.092,0,0,0,0,130.268,0,0
8,A,6,114,508,A-D6-114,290,DGRP m-m D6-…,10,2,0,171.372,85.805,22.279,34.959,0,0,0,5.7238
13,B,6,45,508,B-D6-045,436,M-M-D6-…,0,0,0,35.123,0.767,0,0,0,0,0,0
13,B,6,49,508,B-D6-049,447,M-M-D6-…,0,0,0,9.257,0,0,0,0.406,30.167,0.0406,0
12,B,6,22,508,B-D6-022,417,M-M-D6-…,0,0,0,2.213,0,0,0,0,47.099,0,0
9,A,7,45,508,A-D7-045,328,DGRP m-m D7-…,0,0,0,41.709,16.672,0,0,1.536,222.435,0.1536,0
11,A,8,95,508,A-D8-095,394,DGRP m-m D8-…,8,0,0,217.538,96.298,5.328,0,1.873,0,0.1873,0.5328
13,A,9,75,508,A-D9-075,443,DGRP m-m D9-…,5,0,0,204.477,112.151,3.024,0,1.235,0,0.1235,0.3024
12,A,9,16,508,A-D9-016,412,DGRP m-m D9-…,2,0,0,39.475,10.929,1.638,0,3.482,422.2,0.3482,0.1638
1,A,1,53,799,A-D1-053,30,DGRP m-m D1-…,3,0,0,116.489,192.996,1.839,0,1.281,0,0.1281,0.1839
1,B,1,43,799,B-D1-043,32,M-M-D1-…,1,0,0,27.954,6.103,0.527,0,11.734,0,1.1734,0.0527
2,B,1,68,799,B-D1-068,42,M-M-D1-…,16,1,0,90.234,15.117,17.251,0.783,0,2.337,0,1.8034
1,B,1,24,799,B-D1-024,20,M-M-D1-…,2,0,0,5.154,0,0.784,0,0,28.222,0,0.0784
2,B,2,9,799,B-D2-009,57,M-M-D2-…,14,0,0,77.962,46.075,7.036,0,0.896,0,0.0896,0.7036
3,B,2,62,799,B-D2-062,97,M-M-D2-…,15,0,0,168.596,252.867,13.235,0,0,3.567,0,1.3235
3,B,2,82,799,B-D2-082,115,M-M-D2-…,15,0,0,180.472,23.573,6.416,0,0,17.244,0,0.6416
3,A,3,34,799,A-D3-034,105,DGRP m-m D3-…,3,0,0,35.705,3.2,1.067,0,0,0,0,0.1067
6,B,3,88,799,B-D3-088,198,M-M-D3-…,4,0,0,122.426,31.528,1.434,0,0,0,0,0.1434
4,B,3,27,799,B-D3-027,154,M-M-D3-…,7,0,0,43.849,10.593,2.863,0,0,8.086,0,0.2863
5,B,3,47,799,B-D3-047,171,M-M-D3-…,24,0,0,12.067,0.499,23.103,1.294,1.029,37.509,0.1029,2.4397
4,A,4,24,799,A-D4-024,144,DGRP m-m D4-…,17,0,0,63.894,120.07,9.293,0,8.336,466.9,0.8336,0.9293
7,B,4,14,799,B-D4-014,237,M-M-D4-…,0,0,0,0,0,0,0,0,0,0,0
8,B,4,46,799,B-D4-046,260,M-M-D4-…,86,1,0,50.092,6.418,113.798,17.672,3.107,0,0.3107,13.147
9,B,4,82,799,B-D4-082,292,M-M-D4-…,23,0,0,29.097,2.8,27.744,0,0,2.059,0,2.7744
6,A,5,73,799,A-D5-073,202,DGRP m-m D5-…,10,0,0,18.435,0,16.209,0,3.882,0,0.3882,1.6209
5,A,5,14,799,A-D5-014,161,DGRP m-m D5-…,0,0,0,223.18,100.836,0,0,0,30.303,0,0
10,B,5,34,799,B-D5-034,336,M-M-D5-…,0,0,0,63.421,17.053,0,0,0,0,0,0
11,B,5,85,799,B-D5-085,384,M-M-D5-…,0,0,0,8.814,1.165,0,0,0,0,0,0
9,B,5,2,799,B-D5-002,300,M-M-D5-…,0,0,0,23.963,0,0,0,0,57.219,0,0
7,A,6,4,799,A-D6-004,227,DGRP m-m D6-…,3,0,0,177.782,60.336,0.944,0,0,0.919,0,0.0944
8,A,6,63,799,A-D6-063,264,DGRP m-m D6-…,3,1,0,257.89,243.009,2.683,0,0,2.403,0,0.2683
13,B,6,50,799,B-D6-050,448,M-M-D6-…,3,0,0,166.637,30.075,1.595,0,0,6.504,0,0.1595
9,A,7,72,799,A-D7-072,332,DGRP m-m D7-…,2,0,0,103.732,98.104,0.614,0,0,0,0,0.0614
9,A,7,53,799,A-D7-053,329,DGRP m-m D7-…,1,0,0,197.203,245.019,0.286,0,0,2.087,0,0.0286
10,A,8,44,799,A-D8-044,363,DGRP m-m D8-…,0,0,0,88.25,3.091,0,0,0,0,0,0
11,A,8,103,799,A-D8-103,395,DGRP m-m D8-…,2,0,0,144.495,85.288,2.096,0,2.434,0,0.2434,0.2096
12,A,9,24,799,A-D9-024,413,DGRP m-m D9-…,2,0,0,20.876,1.054,0.928,0,0,0,0,0.0928
13,A,9,83,799,A-D9-083,444,DGRP m-m D9-…,2,0,0,17.47,0,0.801,0,0,69.932,0,0.0801
1,A,1,54,808,A-D1-054,31,DGRP m-m D1-…,22,0,0,63.471,5.884,14.654,1.314,0,0,0,1.5968
1,B,1,12,808,B-D1-012,10,M-M-D1-…,61,1,0,30.192,0,63.885,7.162,6.533,0,0.6533,7.1047
2,B,1,95,808,B-D1-095,47,M-M-D1-…,33,0,0,108.541,25.128,26.222,3.97,5.811,0,0.5811,3.0192
1,B,1,47,808,B-D1-047,33,M-M-D1-…,0,0,0,25.59,0,0,0,0,43.649,0,0
2,A,2,45,808,A-D2-045,69,DGRP m-m D2-…,1,0,0,173.15,72.609,1.025,0,0,197.278,0,0.1025
3,B,2,69,808,B-D2-069,100,M-M-D2-…,0,0,0,3.459,0,0,0,0,0,0,0
2,B,2,22,808,B-D2-022,71,M-M-D2-…,53,0,1,15.122,5.262,51.751,11.522,0.356,2.976,0.0356,6.3273
3,B,2,45,808,B-D2-045,88,M-M-D2-…,0,0,0,141.332,141.999,0,0,0,74.473,0,0
3,A,3,35,808,A-D3-035,106,DGRP m-m D3-…,2,0,0,40.552,16.353,1.025,0,0.501,0,0.0501,0.1025
6,B,3,87,808,B-D3-087,197,M-M-D3-…,0,0,0,7.672,0,0,0,0,3.591,0,0
5,B,3,36,808,B-D3-036,167,M-M-D3-…,18,0,0,30.443,3.33,8.35,0,0,38.054,0,0.835
4,A,4,25,808,A-D4-025,145,DGRP m-m D4-…,31,1,0,28.218,11.771,23.144,1.536,3.812,0,0.3812,2.468
7,B,4,1,808,B-D4-001,215,M-M-D4-…,0,0,0,0,0,0,0,0,0,0,0
8,B,4,61,808,B-D4-061,274,M-M-D4-…,8,0,0,237.396,62.01,3.325,0,0,0,0,0.3325
8,B,4,65,808,B-D4-065,276,M-M-D4-…,2,0,0,26.229,1.798,1.23,0,0,1.5,0,0.123
6,A,5,74,808,A-D5-074,203,DGRP m-m D5-…,3,0,0,9.968,0,1.848,0,1.286,0,0.1286,0.1848
5,A,5,15,808,A-D5-015,162,DGRP m-m D5-…,17,0,0,97.667,92.219,9.872,0,3.811,350.11,0.3811,0.9872
10,B,5,49,808,B-D5-049,342,M-M-D5-…,16,0,0,15.946,0.513,10.459,0,0,0,0,1.0459
11,B,5,66,808,B-D5-066,367,M-M-D5-…,0,0,0,4.601,0,0,0,0,3.069,0,0
9,B,5,26,808,B-D5-026,323,M-M-D5-…,1,0,0,14.869,11.55,0.498,0,0,6.689,0,0.0498
8,A,6,64,808,A-D6-064,265,DGRP m-m D6-…,27,0,0,168.793,112.899,21.17,1.83,0,5.061,0,2.3
7,A,6,5,808,A-D6-005,229,DGRP m-m D6-…,11,0,0,111.026,35.553,5.357,0,0,33.168,0,0.5357
12,B,6,18,808,B-D6-018,415,M-M-D6-…,0,0,0,86.8,7.59,0,0,0,0,0,0
13,B,6,46,808,B-D6-046,437,M-M-D6-…,2,0,0,154.39,46.749,0.782,0,0,4.113,0,0.0782
12,B,6,30,808,B-D6-030,421,M-M-D6-…,0,0,0,36.818,0.401,0,0,0,11.135,0,0
9,A,7,54,808,A-D7-054,330,DGRP m-m D7-…,15,0,0,163.611,11.285,8.971,0.495,0,0,0,0.9466
10,A,8,45,808,A-D8-045,364,DGRP m-m D8-…,41,0,0,105.083,33.922,29.029,0.267,0,0,0,2.9296
11,A,8,104,808,A-D8-104,396,DGRP m-m D8-…,13,0,0,50.771,2.272,5.079,0,0.768,0,0.0768,0.5079
12,A,9,25,808,A-D9-025,414,DGRP m-m D9-…,15,0,0,129.153,2.356,11.008,0,0.526,0,0.0526,1.1008
13,A,9,84,808,A-D9-084,445,DGRP m-m D9-…,26,0,0,153.377,38.829,19.453,0,1.878,0,0.1878,1.9453